Job Title,Experience Level,Salary,Employee Residence,Company Size,Year
Data Engineer,2,210000,0,1,2023
Data Engineer,2,165000,0,1,2023
Data Engineer,2,185900,0,1,2023
Data Engineer,2,129300,0,1,2023
Data Scientist,2,140000,0,1,2023
Data Scientist,2,126000,0,1,2023
Data Scientist,2,170000,0,1,2023
Data Scientist,2,130000,0,1,2023
Analytics Engineer,2,208500,0,1,2023
Analytics Engineer,2,165000,0,1,2023
Other,2,169000,0,1,2023
Other,2,110600,0,1,2023
Data Scientist,2,185900,0,1,2023
Data Scientist,2,129300,0,1,2023
Data Scientist,2,225000,0,1,2023
Data Scientist,2,156400,0,1,2023
Machine Learning Engineer,2,309000,0,1,2023
Machine Learning Engineer,2,142000,0,1,2023
Data Analyst,2,204500,0,1,2023
Data Analyst,2,138900,0,1,2023
Machine Learning Engineer,2,323300,0,1,2023
Machine Learning Engineer,2,184700,0,1,2023
Machine Learning Engineer,2,247500,0,1,2023
Machine Learning Engineer,2,172200,0,1,2023
Other,2,204500,0,1,2023
Other,2,142200,0,1,2023
Other,2,135000,0,1,2023
Other,2,110000,0,1,2023
Other,2,118800,0,1,2023
Other,2,75000,0,1,2023
Other,2,145000,0,1,2023
Other,2,130000,0,1,2023
Machine Learning Engineer,2,193600,0,1,2023
Machine Learning Engineer,2,119700,0,1,2023
Other,2,130800,0,1,2023
Other,2,87200,0,1,2023
Data Engineer,2,215000,0,1,2023
Data Engineer,2,150000,0,1,2023
Other,3,247500,0,1,2023
Other,3,172200,0,1,2023
Machine Learning Engineer,2,204500,0,1,2023
Machine Learning Engineer,2,142200,0,1,2023
Data Analyst,2,169000,0,1,2023
Data Analyst,2,110600,0,1,2023
ML Engineer,2,238000,0,1,2023
ML Engineer,2,173000,0,1,2023
Other,2,225000,0,1,2023
Other,2,156400,0,1,2023
Data Science Manager,2,299500,0,1,2023
Data Science Manager,2,245100,0,1,2023
Data Scientist,2,153600,0,1,2023
Data Scientist,2,106800,0,1,2023
Data Scientist,1,125000,0,1,2023
Data Scientist,1,90000,0,1,2023
ML Engineer,2,290000,0,1,2023
ML Engineer,2,226000,0,1,2023
Applied Scientist,2,222200,0,2,2023
Applied Scientist,2,136000,0,2,2023
Data Scientist,2,161000,0,1,2023
Data Scientist,2,151000,0,1,2023
Data Engineer,2,136994,0,1,2023
Data Engineer,2,101570,0,1,2023
Data Scientist,2,214500,0,1,2023
Data Scientist,2,150000,0,1,2023
Analytics Engineer,2,150000,0,1,2023
Analytics Engineer,2,120000,0,1,2023
Data Engineer,2,278300,0,1,2023
Data Engineer,2,205700,0,1,2023
Applied Scientist,2,185900,0,1,2023
Applied Scientist,2,167310,0,1,2023
Data Engineer,1,114000,0,1,2023
Data Engineer,1,100000,0,1,2023
Applied Scientist,2,260000,0,2,2023
Data Engineer,2,162000,0,1,2023
Data Engineer,2,111000,0,1,2023
Data Engineer,2,225500,0,1,2023
Data Engineer,2,139400,0,1,2023
Other,1,177000,0,1,2023
Other,1,110000,0,1,2023
Data Analyst,2,120350,0,1,2023
Data Analyst,2,74400,0,1,2023
Data Engineer,2,194000,0,1,2023
Data Engineer,2,161000,0,1,2023
Machine Learning Engineer,2,184950,0,1,2023
Machine Learning Engineer,2,119250,0,1,2023
Data Engineer,2,178500,0,1,2023
Data Engineer,2,136000,0,1,2023
Machine Learning Engineer,2,189000,0,1,2023
Machine Learning Engineer,2,159090,0,1,2023
Data Engineer,1,91000,0,1,2023
Data Engineer,1,82000,0,1,2023
Data Engineer,2,149076,0,1,2023
Data Engineer,2,82365,0,1,2023
Applied Scientist,2,192000,0,1,2023
Applied Scientist,2,164000,0,1,2023
Data Scientist,2,175000,0,1,2023
Data Scientist,2,125000,0,1,2023
Data Engineer,2,194595,0,1,2023
Data Engineer,2,158000,0,1,2023
Data Engineer,2,240500,0,2,2023
Data Engineer,2,123700,0,2,2023
Data Scientist,2,212800,0,2,2023
Data Scientist,2,111600,0,2,2023
Research Engineer,1,257400,0,1,2023
Research Engineer,1,193500,0,1,2023
ML Engineer,2,305000,0,1,2023
ML Engineer,2,245000,0,1,2023
Data Scientist,2,205485,0,1,2023
Data Scientist,2,156560,0,1,2023
Data Analyst,2,168000,0,2,2023
Data Analyst,2,78400,0,2,2023
Machine Learning Engineer,2,260000,0,1,2023
Machine Learning Engineer,2,175000,0,1,2023
Data Engineer,3,130002,0,1,2023
Data Engineer,3,71908,0,1,2023
Data Analyst,2,212000,0,1,2023
Data Analyst,2,132000,0,1,2023
Data Analyst,1,177000,0,1,2023
Data Analyst,1,110000,0,1,2023
Data Scientist,2,164000,0,1,2023
Research Scientist,2,248100,0,1,2023
Research Scientist,2,145900,0,1,2023
Data Analyst,2,148000,0,1,2023
Data Analyst,2,92000,0,1,2023
Applied Scientist,2,248100,0,1,2023
Applied Scientist,2,145900,0,1,2023
Other,2,155000,0,1,2023
Other,2,38000,0,1,2023
Machine Learning Engineer,2,218000,0,1,2023
Machine Learning Engineer,2,115000,0,1,2023
Other,2,104000,0,1,2023
Other,2,86000,0,1,2023
Analytics Engineer,2,235400,0,1,2023
Analytics Engineer,2,108320,0,1,2023
Other,2,95000,0,1,2023
Other,2,82000,0,1,2023
Data Engineer,2,152375,0,1,2023
Data Engineer,2,94000,0,1,2023
Data Analyst,2,115934,0,1,2023
Data Analyst,2,81666,0,1,2023
Data Analyst,1,79000,0,1,2023
Research Scientist,2,273400,0,1,2023
Research Scientist,2,182200,0,1,2023
Data Analyst,1,160000,0,1,2023
Data Analyst,1,112000,0,1,2023
Data Scientist,2,285000,0,1,2023
Data Scientist,2,154000,0,1,2023
Applied Scientist,2,220000,0,1,2023
Applied Scientist,2,170000,0,1,2023
Data Engineer,3,174500,0,1,2023
Data Engineer,3,113000,0,1,2023
Data Engineer,2,225000,0,1,2023
Data Engineer,2,125000,0,1,2023
Data Engineer,1,200000,0,1,2023
Data Engineer,1,180000,0,1,2023
Applied Scientist,1,250000,0,1,2023
Applied Scientist,1,125000,0,1,2023
Data Analyst,1,90000,0,1,2023
Research Scientist,1,275000,0,1,2023
Research Scientist,1,200000,0,1,2023
Data Analyst,1,80000,0,1,2023
Data Analyst,2,115000,0,1,2023
Data Analyst,2,75000,0,1,2023
Data Analyst,2,138860,0,1,2023
Data Analyst,2,122720,0,1,2023
Data Engineer,2,231500,0,1,2023
Data Engineer,2,118000,0,1,2023
Data Scientist,3,299500,0,1,2023
Data Scientist,3,249600,0,1,2023
Other,2,185000,0,2,2023
Other,2,79600,0,2,2023
Data Engineer,1,120000,0,1,2023
Data Engineer,1,110000,0,1,2023
Data Analyst,1,100000,0,1,2023
Data Analyst,1,75000,0,1,2023
Machine Learning Engineer,2,297000,0,1,2023
Machine Learning Engineer,2,138000,0,1,2023
Data Scientist,1,135000,0,1,2023
Data Scientist,1,105000,0,1,2023
Data Scientist,2,267100,0,1,2023
Data Scientist,2,167200,0,1,2023
Data Scientist,2,202000,0,1,2023
Data Engineer,2,174350,0,1,2023
Data Engineer,2,126800,0,1,2023
Data Architect,2,188500,0,1,2023
Data Architect,2,117000,0,1,2023
Data Scientist,2,150931,0,1,2023
Data Scientist,2,143250,0,1,2023
Other,2,330000,0,1,2023
Other,2,204000,0,1,2023
Data Engineer,2,200000,0,1,2023
Data Engineer,2,160000,0,1,2023
Data Engineer,2,205600,0,2,2023
Data Engineer,2,105700,0,2,2023
Machine Learning Engineer,2,324000,0,1,2023
Machine Learning Engineer,2,159000,0,1,2023
Data Engineer,2,231000,0,1,2023
Data Engineer,2,157250,0,1,2023
Machine Learning Scientist,2,240000,0,1,2023
Machine Learning Scientist,2,157250,0,1,2023
Data Engineer,2,232000,0,1,2023
Data Engineer,2,108000,0,1,2023
Data Scientist,2,180000,0,1,2023
Data Scientist,2,135000,0,1,2023
Data Engineer,2,209000,0,1,2023
Data Engineer,2,135000,0,1,2023
Data Scientist,2,184250,0,1,2023
Data Scientist,2,167500,0,1,2023
Data Engineer,2,95000,0,1,2023
Data Engineer,2,85000,0,1,2023
Data Scientist,1,230000,0,1,2023
Data Scientist,1,175000,0,1,2023
Data Analyst,2,154440,0,1,2023
Data Analyst,2,68550,0,1,2023
Data Analyst,0,90000,0,1,2023
Data Analyst,0,60000,0,1,2023
Data Engineer,2,226600,0,1,2023
Data Engineer,2,140100,0,1,2023
Other,2,171050,0,1,2023
Other,2,124400,0,1,2023
Machine Learning Engineer,2,226600,0,1,2023
Machine Learning Engineer,2,140100,0,1,2023
Data Scientist,2,136000,0,1,2023
Data Scientist,2,104000,0,1,2023
Data Architect,2,80000,0,1,2023
Data Architect,2,52500,0,1,2023
Data Engineer,2,115000,0,1,2023
Research Engineer,2,253000,0,1,2023
Research Engineer,2,156400,0,1,2023
Machine Learning Engineer,2,300000,0,1,2023
Machine Learning Engineer,2,235000,0,1,2023
Data Analyst,2,223100,0,2,2023
Data Analyst,2,114700,0,2,2023
Data Analyst,2,95000,0,1,2023
Data Analyst,2,70000,0,1,2023
Data Scientist,2,120000,0,1,2023
Data Engineer,1,152375,0,1,2023
Data Engineer,1,94000,0,1,2023
Data Analyst,2,134000,0,1,2023
Data Analyst,2,120000,0,1,2023
Data Engineer,2,258750,0,1,2023
Data Engineer,2,172500,0,1,2023
Machine Learning Engineer,2,254000,0,1,2023
Machine Learning Engineer,2,200000,0,1,2023
Applied Scientist,2,230000,0,1,2023
Applied Scientist,2,196000,0,1,2023
Other,1,128000,0,1,2023
Other,1,81500,0,1,2023
Data Engineer,3,220000,0,1,2023
Data Engineer,3,150000,0,1,2023
Data Engineer,2,155000,0,1,2023
Data Engineer,2,109528,0,1,2023
Machine Learning Engineer,2,269500,0,1,2023
Machine Learning Engineer,2,166600,0,1,2023
Other,2,160000,0,2,2023
Data Analyst,2,93919,0,1,2023
Data Analyst,2,51962,0,1,2023
Data Architect,2,180000,0,1,2023
Data Architect,2,115000,0,1,2023
Data Analyst,2,186600,0,1,2023
Data Analyst,2,119800,0,1,2023
Data Engineer,2,75000,0,1,2023
Data Architect,2,200000,0,1,2023
Data Analyst,2,280000,0,1,2023
Data Analyst,2,200000,0,1,2023
ML Engineer,2,383910,0,1,2023
ML Engineer,2,315850,0,1,2023
Data Scientist,2,235000,0,1,2023
Data Scientist,2,204000,0,1,2023
Applied Scientist,1,198000,0,1,2023
Applied Scientist,1,132000,0,1,2023
Data Scientist,1,141600,0,1,2023
Data Scientist,1,94400,0,1,2023
Data Engineer,1,135000,0,1,2023
Data Engineer,1,108000,0,1,2023
Data Scientist,2,209450,0,1,2023
Data Scientist,2,167560,0,1,2023
Other,2,185000,0,1,2021
Other,2,164000,0,1,2020
Data Engineer,2,122000,0,1,2023
Data Engineer,0,80000,0,1,2023
Data Engineer,0,52500,0,1,2023
Data Scientist,2,238000,0,1,2023
Data Scientist,2,149500,0,1,2023
Data Scientist,2,258000,0,1,2023
Data Engineer,2,186600,0,1,2023
Data Engineer,2,116500,0,1,2023
Data Engineer,2,220000,0,1,2023
Data Scientist,2,228000,0,1,2023
Applied Scientist,2,175000,0,1,2023
Applied Scientist,2,145000,0,1,2023
Data Analyst,2,195000,0,1,2023
Data Analyst,2,140000,0,1,2023
Data Engineer,2,180000,0,1,2023
Research Scientist,1,220000,0,1,2023
Research Scientist,1,190000,0,1,2023
Other,2,167500,0,1,2023
Other,2,106500,0,1,2023
Data Scientist,2,278700,0,1,2023
Data Scientist,2,159300,0,1,2023
Data Scientist,2,323300,0,1,2023
Data Scientist,2,184700,0,1,2023
Data Engineer,2,170000,0,1,2023
Data Engineer,2,120000,0,1,2023
Data Engineer,2,166364,0,1,2023
Data Engineer,2,116455,0,1,2023
Other,2,145000,0,1,2023
Other,2,125000,0,1,2023
Data Engineer,1,95000,0,1,2023
Data Engineer,1,76000,0,1,2023
Data Analyst,2,160000,0,1,2023
Data Analyst,2,131000,0,1,2023
Data Scientist,2,168000,0,1,2023
Machine Learning Engineer,2,250000,0,1,2023
Machine Learning Engineer,2,140000,0,1,2023
Data Engineer,2,145000,0,1,2023
Data Scientist,2,222000,0,1,2023
Data Scientist,2,166500,0,1,2023
Data Engineer,2,205600,0,1,2023
Data Engineer,2,105700,0,1,2023
Other,2,138000,0,1,2023
Other,2,67000,0,1,2023
Research Engineer,2,211200,0,1,2023
Research Engineer,2,176000,0,1,2023
Data Analyst,2,230000,0,1,2023
Data Analyst,2,135000,0,1,2023
Data Analyst,1,60000,0,1,2023
Other,2,200000,0,1,2023
Other,2,180000,0,1,2023
Data Scientist,2,155000,0,1,2023
Data Scientist,2,139500,0,1,2023
Research Scientist,0,200000,0,1,2023
Research Scientist,0,120000,0,1,2023
Data Scientist,3,126500,0,1,2023
Data Scientist,3,78000,0,1,2023
Data Scientist,2,157750,0,1,2023
Data Scientist,2,104650,0,1,2023
Data Scientist,2,176000,0,1,2023
Data Scientist,2,133000,0,1,2023
Data Analyst,1,120000,0,1,2023
Research Scientist,1,158080,0,1,2023
Data Analyst,2,182000,0,1,2023
Data Analyst,2,150000,0,1,2023
Data Engineer,2,171250,0,1,2023
Data Engineer,2,113750,0,1,2023
Data Engineer,2,252000,0,1,2023
Data Engineer,2,129000,0,1,2023
Machine Learning Engineer,2,231000,0,1,2023
Machine Learning Engineer,2,200800,0,1,2023
Research Scientist,0,250800,0,1,2023
Research Scientist,0,167200,0,1,2023
Data Scientist,2,159100,0,1,2023
Data Scientist,2,120160,0,1,2023
Analytics Engineer,2,140000,0,1,2023
Analytics Engineer,2,110000,0,1,2023
Machine Learning Engineer,1,165000,0,1,2023
Machine Learning Engineer,1,149094,0,1,2023
Other,3,290000,0,2,2023
Other,2,247500,0,1,2023
Other,2,172200,0,1,2023
Data Engineer,2,175000,0,1,2023
Data Engineer,2,130000,0,1,2023
Data Analyst,2,85000,0,1,2023
Data Analyst,2,72250,0,1,2023
Data Engineer,3,162500,0,1,2023
Data Engineer,3,130000,0,1,2023
Other,2,83000,0,1,2023
Other,2,63967,0,1,2023
Other,2,188600,0,1,2023
Other,2,111550,0,1,2023
Machine Learning Engineer,2,219300,0,1,2023
Machine Learning Engineer,2,143000,0,1,2023
Machine Learning Engineer,2,232200,0,1,2023
Machine Learning Engineer,2,133300,0,1,2023
Data Engineer,2,80000,0,1,2023
Data Engineer,1,198900,0,1,2023
Data Engineer,1,183310,0,1,2023
Machine Learning Engineer,2,392000,0,1,2023
Machine Learning Engineer,2,224000,0,1,2023
Data Engineer,2,233000,0,1,2023
Data Engineer,2,199098,0,1,2023
Data Engineer,2,172000,0,1,2023
Data Engineer,2,107000,0,1,2023
Research Scientist,2,220000,0,1,2023
Research Scientist,2,150000,0,1,2023
Data Engineer,1,128000,0,1,2023
Data Engineer,1,81500,0,1,2023
Research Scientist,2,200000,0,1,2023
Machine Learning Engineer,2,208450,0,1,2023
Machine Learning Engineer,2,151600,0,1,2023
ML Engineer,2,208450,0,1,2023
ML Engineer,2,151600,0,1,2023
Research Engineer,2,240960,0,1,2023
Research Engineer,2,200800,0,1,2023
Data Scientist,1,120681,0,1,2023
Data Scientist,1,72409,0,1,2023
Research Engineer,2,250000,0,1,2023
Research Scientist,2,250000,0,1,2023
Research Scientist,2,170000,0,1,2023
Other,3,200000,1,2,2023
Data Engineer,1,167500,0,1,2023
Data Engineer,1,106500,0,1,2023
Data Scientist,2,359170,0,1,2023
Data Scientist,2,310270,0,1,2023
Data Scientist,2,295490,0,1,2023
Data Scientist,2,178560,0,1,2023
Data Scientist,2,148800,0,1,2023
Other,2,331640,0,1,2023
Other,2,283780,0,1,2023
Data Engineer,3,167954,0,1,2023
Data Engineer,3,115830,0,1,2023
Machine Learning Engineer,2,150000,0,1,2023
Machine Learning Engineer,2,125000,0,1,2023
Machine Learning Engineer,2,331640,0,1,2023
Machine Learning Engineer,2,267720,0,1,2023
Other,2,185000,0,1,2023
Other,2,50000,0,1,2023
Data Engineer,2,331640,0,1,2023
Data Engineer,2,283780,0,1,2023
Research Engineer,2,189110,0,1,2023
Research Engineer,2,139000,0,1,2023
ML Engineer,2,199000,0,1,2023
ML Engineer,2,145000,0,1,2023
Other,2,199000,0,1,2023
Other,2,142000,0,1,2023
Machine Learning Engineer,2,283780,0,1,2023
Data Analyst,2,66000,0,1,2023
Data Analyst,2,52000,0,1,2023
Other,2,110400,0,1,2023
Other,2,68000,0,1,2023
Data Scientist,2,200000,0,1,2023
Data Scientist,2,316000,0,1,2023
Analytics Engineer,2,178560,0,1,2023
Analytics Engineer,2,148800,0,1,2023
Other,2,200000,0,2,2023
Data Analyst,2,166500,0,1,2023
Data Analyst,2,113220,0,1,2023
ML Engineer,2,365630,0,1,2023
Data Engineer,2,229000,0,1,2023
Data Engineer,2,131000,0,1,2023
Data Analyst,2,105000,0,1,2023
Data Scientist,2,185000,0,2,2023
Data Scientist,2,86700,0,2,2023
Data Analyst,2,192300,0,1,2023
Data Analyst,2,153800,0,1,2023
Data Engineer,2,90000,0,1,2023
Data Analyst,1,131650,0,1,2023
Data Analyst,1,105320,0,1,2023
Other,2,126400,0,1,2023
Applied Scientist,2,309400,0,2,2023
Applied Scientist,2,159100,0,2,2023
Machine Learning Engineer,2,235400,0,1,2023
Machine Learning Engineer,2,160080,0,1,2023
Data Analyst,2,146190,0,1,2023
Data Analyst,2,119610,0,1,2023
Research Scientist,1,175000,0,1,2023
Research Scientist,2,210000,0,1,2023
Research Scientist,2,151800,0,1,2023
Data Architect,1,150000,0,1,2023
Data Architect,1,100000,0,1,2023
Data Scientist,2,126500,0,1,2023
Data Scientist,2,78000,0,1,2023
Data Analyst,2,126500,0,1,2023
Data Analyst,2,78000,0,1,2023
Data Scientist,2,105000,0,1,2023
Data Scientist,2,70000,0,1,2023
Data Engineer,2,96000,0,1,2023
Data Engineer,2,72000,0,1,2023
Research Scientist,2,323300,0,1,2023
Research Scientist,2,184700,0,1,2023
Data Scientist,2,205150,0,1,2023
Data Scientist,2,167850,0,1,2023
Data Analyst,2,130000,0,1,2023
Data Analyst,2,110000,0,1,2023
Research Scientist,2,278700,0,1,2023
Research Scientist,2,159300,0,1,2023
Data Scientist,2,222750,0,1,2023
Data Scientist,2,182250,0,1,2023
Data Engineer,2,185000,0,1,2023
Machine Learning Engineer,2,296400,0,1,2023
Machine Learning Engineer,2,148594,0,1,2023
Data Scientist,2,206000,0,1,2023
Data Scientist,2,140250,0,1,2023
Other,2,254500,0,2,2023
Other,2,130900,0,2,2023
Data Scientist,2,198000,0,1,2023
Data Scientist,2,124000,0,1,2023
Other,2,234485,0,1,2023
Other,2,112655,0,1,2023
Data Analyst,0,125000,0,1,2023
Data Analyst,0,105000,0,1,2023
Data Scientist,2,184184,0,1,2023
Data Scientist,2,167441,0,1,2023
Data Engineer,3,204500,0,1,2023
Analytics Engineer,0,90000,0,1,2023
Analytics Engineer,0,84000,0,1,2023
Data Engineer,2,202400,0,1,2023
Data Engineer,2,147200,0,1,2023
Data Scientist,2,90000,0,1,2023
Other,2,192000,0,1,2023
Other,2,142000,0,1,2023
Other,2,143000,0,1,2023
Other,2,129000,0,1,2023
Data Scientist,2,191000,0,1,2023
Data Scientist,2,146000,0,1,2023
Other,2,85000,0,1,2023
Other,2,70000,0,1,2023
Machine Learning Engineer,2,212800,0,1,2023
Machine Learning Engineer,2,144800,0,1,2023
Data Analyst,1,250000,0,1,2023
Data Engineer,2,172900,0,1,2023
Data Engineer,2,144100,0,1,2023
Data Scientist,2,230000,0,1,2023
Other,2,160000,0,1,2023
Other,2,135000,0,1,2023
Data Analyst,2,101500,0,1,2023
Data Analyst,2,83700,0,1,2023
Data Scientist,2,253430,0,1,2023
Other,2,202800,0,2,2023
Other,2,104300,0,2,2023
Data Scientist,2,283000,0,1,2023
Data Scientist,2,184000,0,1,2023
Data Scientist,3,220000,0,1,2023
Data Scientist,3,185000,0,1,2023
Data Engineer,2,260000,0,1,2023
Applied Scientist,2,246500,0,1,2023
Applied Scientist,2,133500,0,1,2023
Data Scientist,2,174000,0,1,2023
Data Scientist,2,134000,0,1,2023
Other,3,330000,0,1,2023
Other,3,230000,0,1,2023
Data Engineer,2,254000,0,1,2023
Machine Learning Engineer,2,218540,0,1,2023
Other,1,167000,0,1,2023
Other,1,109000,0,1,2023
Data Engineer,2,208000,0,1,2023
Data Engineer,2,193000,0,1,2023
Applied Scientist,2,216000,0,1,2023
Applied Scientist,2,184000,0,1,2023
Machine Learning Engineer,2,145000,0,1,2023
Machine Learning Engineer,2,284000,0,1,2023
Machine Learning Engineer,2,227000,0,1,2023
Research Scientist,2,205000,0,1,2023
Research Scientist,2,160000,0,1,2023
Machine Learning Engineer,2,191400,0,1,2023
Machine Learning Engineer,2,127600,0,1,2023
Machine Learning Engineer,2,230000,0,1,2023
Data Analyst,2,139600,0,1,2023
Data Analyst,2,85700,0,1,2023
Other,1,95000,0,1,2023
Other,1,70000,0,1,2023
Data Engineer,1,258000,0,1,2023
Data Engineer,1,171000,0,1,2023
Other,3,300000,0,2,2020
Data Engineer,2,232960,0,1,2023
Data Engineer,2,151840,0,1,2023
Data Engineer,2,163152,0,1,2023
Data Engineer,2,108768,0,1,2023
Research Engineer,2,370000,0,1,2023
Research Engineer,2,245000,0,1,2023
Machine Learning Engineer,2,285000,0,1,2023
Machine Learning Engineer,2,193900,0,1,2023
Research Scientist,2,240000,0,1,2023
Research Scientist,2,163200,0,1,2023
Machine Learning Engineer,2,240000,0,1,2023
Machine Learning Engineer,2,163200,0,1,2023
Research Scientist,2,345000,0,1,2023
Research Scientist,2,234700,0,1,2023
Other,2,100000,1,0,2023
Data Engineer,2,241000,0,1,2023
Other,2,210000,0,2,2023
Analytics Engineer,2,90000,0,1,2023
Analytics Engineer,2,84000,0,1,2023
Analytics Engineer,2,221300,0,1,2023
Analytics Engineer,2,147500,0,1,2023
Machine Learning Engineer,2,210000,0,1,2023
Machine Learning Engineer,2,160000,0,1,2023
Analytics Engineer,2,192000,0,1,2023
Analytics Engineer,2,151000,0,1,2023
Data Scientist,2,169000,0,1,2023
Data Engineer,2,204500,0,1,2023
Data Engineer,2,142200,0,1,2023
Data Engineer,2,250000,0,1,2023
Other,2,210000,0,1,2023
Other,2,170000,0,1,2023
Data Scientist,2,189750,0,1,2023
Data Scientist,2,131100,0,1,2023
Research Scientist,2,370000,0,1,2023
Data Analyst,2,94000,0,1,2023
Data Analyst,2,81900,0,1,2023
Analytics Engineer,2,210000,0,1,2023
Analytics Engineer,2,159090,0,1,2023
Data Analyst,2,118000,0,1,2023
Data Analyst,2,94400,0,1,2023
Data Architect,1,90000,0,1,2023
Data Engineer,0,130002,0,1,2023
Data Engineer,0,71908,0,1,2023
Other,0,60000,0,2,2023
Machine Learning Scientist,2,200000,0,1,2023
Machine Learning Scientist,2,170000,0,1,2023
Data Scientist,2,160000,0,1,2023
Data Scientist,2,255000,0,1,2023
Analytics Engineer,2,116990,0,1,2023
Analytics Engineer,2,82920,0,1,2023
Data Engineer,2,121000,0,1,2023
Data Engineer,2,78000,0,1,2023
Analytics Engineer,2,159000,0,1,2023
Analytics Engineer,2,105000,0,1,2023
Research Scientist,1,155000,0,1,2023
Research Scientist,1,102000,0,1,2023
Research Scientist,2,374000,0,1,2023
Research Scientist,2,197500,0,1,2023
Data Scientist,2,240000,0,1,2023
Data Scientist,2,187000,0,1,2023
Applied Scientist,1,20000,1,2,2023
Machine Learning Engineer,2,190000,0,1,2023
Data Scientist,2,195000,0,1,2023
Data Scientist,2,119000,0,1,2023
Data Analyst,2,80000,0,1,2023
Other,2,266450,0,1,2023
Other,2,177700,0,1,2023
Data Scientist,2,245000,0,1,2023
Data Scientist,2,185000,0,1,2023
Other,2,55720,0,1,2023
Other,2,50700,0,1,2023
Research Engineer,2,200000,0,1,2023
Data Engineer,2,196000,0,1,2023
Data Architect,1,135000,0,1,2023
Data Architect,1,115000,0,1,2023
Other,2,302000,0,1,2023
Other,2,189000,0,1,2023
Data Analyst,1,65000,0,1,2023
Data Analyst,1,55000,0,1,2023
Machine Learning Engineer,2,220000,0,1,2023
Machine Learning Engineer,2,170000,0,1,2023
Other,2,150000,0,1,2023
Other,2,93000,0,1,2023
Data Science Manager,2,190000,0,2,2022
Machine Learning Engineer,2,216000,0,1,2023
Machine Learning Engineer,2,184000,0,1,2023
Other,1,100000,0,1,2023
Data Scientist,1,128750,0,1,2023
Data Scientist,1,79350,0,1,2023
Analytics Engineer,2,174000,0,1,2023
Analytics Engineer,2,134000,0,1,2023
Research Engineer,1,155000,0,1,2023
Research Engineer,1,125000,0,1,2023
Data Engineer,2,194400,0,1,2023
Data Engineer,2,132192,0,1,2023
Machine Learning Engineer,2,273400,0,1,2023
Machine Learning Engineer,2,182200,0,1,2023
Data Engineer,2,124230,0,1,2023
Data Engineer,2,68637,0,1,2023
Data Engineer,1,204000,0,1,2023
Data Engineer,1,161500,0,1,2023
Other,2,185900,0,1,2023
Other,2,129300,0,1,2023
Research Scientist,1,100000,0,1,2023
Data Scientist,2,148750,0,1,2023
Data Scientist,2,95000,0,1,2023
ML Engineer,2,287700,0,2,2023
ML Engineer,2,148000,0,2,2023
Data Scientist,2,227240,0,1,2023
Data Scientist,2,197600,0,1,2023
Machine Learning Engineer,2,221000,0,1,2023
Machine Learning Engineer,2,185000,0,1,2023
Data Scientist,2,210000,0,1,2023
Data Scientist,2,178500,0,1,2023
Machine Learning Engineer,1,180000,0,1,2023
Machine Learning Engineer,1,150000,0,1,2023
Data Engineer,2,285000,0,1,2023
Data Engineer,2,205000,0,1,2023
Other,0,90000,1,1,2023
Data Engineer,2,146000,0,1,2023
Machine Learning Engineer,1,237400,0,1,2023
Machine Learning Engineer,1,158200,0,1,2023
ML Engineer,2,192000,0,1,2023
ML Engineer,2,164000,0,1,2023
Other,2,150000,0,1,2023
Other,2,141000,0,1,2023
Analytics Engineer,2,267000,0,1,2023
Analytics Engineer,2,205000,0,1,2023
Research Scientist,2,147100,0,1,2023
Research Scientist,2,90700,0,1,2023
Data Analyst,2,72000,0,1,2023
Data Engineer,2,141000,0,1,2023
Data Scientist,2,240000,0,0,2023
Data Scientist,2,142000,0,0,2023
Data Analyst,0,80000,0,1,2023
Machine Learning Engineer,2,268000,0,1,2023
Machine Learning Engineer,2,180000,0,1,2023
Analytics Engineer,1,144628,0,1,2023
Analytics Engineer,1,115702,0,1,2023
Data Analyst,2,144000,0,1,2023
Data Analyst,2,93500,0,1,2023
Data Engineer,2,208200,0,1,2023
Data Engineer,2,151200,0,1,2023
Data Scientist,2,270000,0,1,2023
Data Scientist,2,220000,0,1,2023
Data Engineer,3,194500,0,1,2023
Data Engineer,3,115500,0,1,2023
Data Analyst,0,50000,0,1,2023
Data Analyst,0,40000,0,1,2023
Machine Learning Engineer,2,155000,0,1,2023
Machine Learning Engineer,2,100000,0,1,2023
Data Analyst,2,65000,0,1,2023
Data Architect,2,280100,0,1,2023
Data Architect,2,168100,0,1,2023
Machine Learning Scientist,2,120000,0,1,2023
Data Engineer,2,149040,0,1,2023
Data Engineer,2,113900,0,1,2023
Machine Learning Scientist,2,165000,0,1,2023
Machine Learning Scientist,2,145000,0,1,2023
Data Architect,2,274450,0,1,2023
Data Architect,2,199600,0,1,2023
Data Engineer,1,83500,0,1,2023
Data Engineer,1,52500,0,1,2023
Data Architect,2,306000,0,1,2023
Data Architect,2,204000,0,1,2023
Data Analyst,2,136000,0,1,2023
Data Analyst,2,104000,0,1,2023
Data Engineer,2,81500,0,1,2023
Data Scientist,3,250000,0,1,2023
Data Scientist,3,180000,0,1,2023
Data Engineer,1,70000,0,1,2023
Data Scientist,2,157000,0,1,2023
Data Analyst,2,140700,0,1,2023
Data Analyst,2,109600,0,1,2023
Machine Learning Engineer,2,278000,0,1,2023
Machine Learning Engineer,2,173000,0,1,2023
Data Engineer,2,305000,0,1,2023
Data Scientist,0,24000,0,1,2023
Other,2,259000,0,1,2023
Other,2,138750,0,1,2023
Data Scientist,2,192000,0,1,2023
Data Scientist,2,178000,0,1,2023
Data Scientist,2,218000,0,1,2023
Data Scientist,2,85000,0,1,2023
Other,2,132000,0,1,2023
Other,2,71500,0,1,2023
Analytics Engineer,2,215050,0,1,2023
Analytics Engineer,2,113100,0,1,2023
Data Scientist,1,130000,0,1,2023
Data Scientist,1,85000,0,1,2023
Data Engineer,3,250000,0,1,2023
Data Engineer,3,200000,0,1,2023
Data Scientist,2,123000,0,1,2023
Research Scientist,2,168400,0,1,2023
Data Analyst,2,136505,0,1,2023
Data Analyst,2,100895,0,1,2023
Data Engineer,2,275300,0,1,2023
Data Engineer,2,183500,0,1,2023
Data Scientist,2,168400,0,1,2023
Data Scientist,2,105200,0,1,2023
Data Architect,1,240000,0,1,2023
Other,1,130000,0,1,2023
Other,1,120000,0,1,2023
Data Analyst,1,93000,0,2,2023
Data Analyst,2,177000,0,1,2023
Data Engineer,2,190000,0,1,2023
Data Engineer,2,105000,0,1,2023
Machine Learning Engineer,2,317070,0,1,2023
Machine Learning Engineer,2,170730,0,1,2023
Machine Learning Engineer,1,170000,0,1,2023
Machine Learning Engineer,1,125000,0,1,2023
Data Engineer,2,158700,0,1,2023
Data Engineer,2,123906,0,1,2023
Data Engineer,2,166000,0,1,2023
Data Engineer,2,128000,0,1,2023
Data Engineer,3,333500,0,1,2023
Data Engineer,3,180500,0,1,2023
Machine Learning Engineer,2,242921,0,1,2023
Machine Learning Engineer,2,170045,0,1,2023
Data Engineer,3,257400,0,1,2023
Data Engineer,3,210600,0,1,2023
Other,1,65000,0,1,2023
Other,1,50000,0,1,2023
Data Engineer,2,293000,0,1,2023
Other,3,260000,0,1,2023
Other,3,192000,0,1,2023
Machine Learning Scientist,1,170000,0,1,2023
Machine Learning Scientist,1,125000,0,1,2023
Other,0,99000,0,2,2023
Data Analyst,2,100000,0,1,2023
Machine Learning Engineer,2,233000,0,1,2023
Machine Learning Engineer,2,166000,0,1,2023
Data Engineer,2,185100,0,1,2023
Data Engineer,2,127600,0,1,2023
Data Analyst,1,105000,0,1,2023
Data Analyst,3,160000,0,1,2023
Data Analyst,3,55000,0,1,2023
Machine Learning Engineer,2,241000,0,1,2023
Machine Learning Engineer,2,163000,0,1,2023
Data Scientist,1,120000,0,1,2023
Data Scientist,2,118000,0,1,2023
Machine Learning Engineer,2,311000,0,1,2023
Machine Learning Engineer,2,162540,0,1,2023
Data Scientist,3,258750,0,1,2023
Data Scientist,3,225000,0,1,2023
Data Scientist,3,145000,0,1,2023
Data Scientist,2,190000,0,1,2023
Data Scientist,2,165000,0,1,2023
Data Engineer,2,153600,0,1,2023
Data Engineer,2,106800,0,1,2023
Other,2,182850,0,1,2023
Other,2,113000,0,1,2023
Data Analyst,1,95000,0,1,2023
Data Analyst,1,126000,0,1,2023
Data Analyst,1,86400,0,1,2023
Data Engineer,2,232760,0,1,2023
Data Engineer,2,169280,0,1,2023
Data Engineer,1,162500,0,1,2023
Data Engineer,1,130000,0,1,2023
Data Scientist,2,240350,0,1,2023
Data Scientist,2,174800,0,1,2023
Data Engineer,2,154000,0,1,2023
Data Engineer,2,116000,0,1,2023
Data Analyst,2,153600,0,1,2023
Data Analyst,2,107500,0,1,2023
ML Engineer,2,178000,0,1,2023
ML Engineer,2,152000,0,1,2023
Data Scientist,2,233200,0,1,2023
Other,2,210000,0,1,2023
Other,2,160000,0,1,2023
Data Scientist,2,145000,0,1,2023
Data Analyst,2,206000,0,1,2023
Other,1,110000,0,1,2023
Other,1,70000,0,1,2023
Data Scientist,2,150120,0,1,2023
Data Scientist,2,120096,0,1,2023
Machine Learning Engineer,2,253000,0,1,2023
Machine Learning Engineer,2,168000,0,1,2023
Analytics Engineer,2,178600,0,1,2023
Analytics Engineer,2,142880,0,1,2023
Data Science Manager,2,255000,0,1,2023
Data Science Manager,2,169000,0,1,2023
Data Scientist,1,155000,0,1,2023
Data Scientist,1,100000,0,1,2023
Data Engineer,1,151410,0,1,2023
Data Engineer,1,144200,0,1,2023
Data Scientist,0,151410,0,1,2023
Data Scientist,0,115360,0,1,2023
Analytics Engineer,1,193170,0,1,2023
Analytics Engineer,1,116480,0,1,2023
Other,3,329500,0,1,2023
Other,3,269600,0,1,2023
Data Architect,2,250500,0,1,2023
Data Architect,2,159500,0,1,2023
Data Analyst,0,115000,0,1,2023
Research Scientist,2,198800,0,1,2023
Research Scientist,2,105200,0,1,2023
Data Analyst,0,94035,0,1,2023
Data Analyst,0,57920,0,1,2023
Data Analyst,2,113600,0,1,2023
Data Analyst,2,60000,0,1,2023
Data Scientist,2,256000,0,1,2023
Data Analyst,2,116000,0,1,2023
Machine Learning Engineer,2,283200,0,1,2023
Machine Learning Engineer,2,188800,0,1,2023
Research Scientist,2,205640,0,1,2023
Research Scientist,2,142600,0,1,2023
Data Engineer,2,193200,0,1,2023
Data Engineer,2,156400,0,1,2023
Machine Learning Engineer,2,196000,0,1,2023
Machine Learning Engineer,2,121000,0,1,2023
Data Engineer,2,132300,0,1,2023
Data Science Manager,2,328000,0,1,2023
Data Science Manager,2,211000,0,1,2023
Data Scientist,2,237000,0,1,2023
Data Scientist,2,201450,0,1,2023
ML Engineer,2,229000,0,1,2023
ML Engineer,2,206000,0,1,2023
Data Scientist,2,231000,0,1,2023
ML Engineer,2,183750,0,1,2023
ML Engineer,2,165400,0,1,2023
Data Engineer,1,175000,0,1,2023
Data Engineer,1,125000,0,1,2023
Data Scientist,2,285800,0,1,2023
Data Scientist,2,154600,0,1,2023
Other,2,289120,0,1,2023
Other,2,192400,0,1,2023
Data Engineer,2,230000,0,1,2023
Other,1,258000,0,2,2023
Data Scientist,2,196000,0,1,2023
Data Scientist,2,121000,0,1,2023
Data Scientist,2,219000,0,1,2023
Data Scientist,2,141000,0,1,2023
Data Engineer,2,206000,0,1,2023
Data Analyst,2,147000,0,1,2023
Other,1,110000,0,1,2023
Other,1,70000,0,1,2023
Data Engineer,2,284310,0,1,2023
Data Engineer,2,153090,0,1,2023
Machine Learning Engineer,2,261500,0,2,2023
Machine Learning Engineer,2,134500,0,2,2023
Data Analyst,2,145000,0,1,2023
Data Analyst,2,106000,0,1,2023
Analytics Engineer,2,275300,0,1,2023
Analytics Engineer,2,183500,0,1,2023
Data Scientist,1,140000,0,1,2023
Data Scientist,1,115000,0,1,2023
Data Engineer,2,136600,0,1,2023
Data Engineer,2,109280,0,1,2023
Other,1,70000,1,1,2023
Research Engineer,2,281000,0,1,2023
Research Engineer,2,196000,0,1,2023
Other,0,69500,0,1,2023
Other,0,46400,0,1,2023
Data Architect,2,285000,0,1,2023
Data Architect,2,210000,0,1,2023
Data Analyst,0,69525,0,1,2023
Data Analyst,0,61800,0,1,2023
Data Scientist,0,40000,1,1,2023
Data Analyst,2,125000,0,1,2023
Other,2,130000,0,1,2023
Other,2,110000,0,1,2023
Data Scientist,0,130001,0,1,2023
Data Scientist,0,71907,0,1,2023
Data Architect,2,205000,0,1,2023
Data Architect,2,150000,0,1,2023
Other,3,204500,0,1,2023
Other,3,142200,0,1,2023
Data Analyst,2,90000,0,1,2023
Other,0,60000,1,1,2023
Other,2,168400,0,1,2023
Other,2,90700,0,1,2023
Research Engineer,2,240000,0,1,2023
Research Engineer,2,157250,0,1,2023
Data Scientist,2,277500,0,1,2023
Data Scientist,2,236500,0,1,2023
Other,0,100000,1,2,2023
Research Scientist,0,150000,0,1,2023
Research Scientist,0,100000,0,1,2023
Data Analyst,2,62000,0,1,2023
Data Analyst,2,55000,0,1,2023
Other,1,155000,0,1,2023
Other,1,140000,0,1,2023
Machine Learning Engineer,2,297300,0,1,2023
Machine Learning Engineer,2,198200,0,1,2023
Other,1,87500,0,1,2023
Other,1,62500,0,1,2023
Data Engineer,2,265000,0,1,2023
Data Engineer,2,217000,0,1,2023
Data Analyst,2,83000,0,1,2023
Data Analyst,2,208450,0,1,2023
Data Analyst,2,170550,0,1,2023
Machine Learning Engineer,2,130000,0,1,2023
Research Engineer,0,165000,0,1,2023
Research Engineer,0,145000,0,1,2023
Other,3,336400,0,1,2023
Other,3,201900,0,1,2023
Data Scientist,1,189750,0,1,2023
Data Scientist,1,131100,0,1,2023
Data Science Manager,1,270000,0,1,2023
Data Science Manager,1,95000,0,1,2023
Data Engineer,1,117300,0,1,2023
Data Engineer,1,69000,0,1,2023
Data Engineer,2,182000,0,1,2023
Data Engineer,2,144000,0,1,2023
Other,1,244000,0,1,2023
Other,1,200000,0,1,2023
Data Engineer,1,260000,0,1,2023
Machine Learning Engineer,2,225000,0,1,2023
Data Scientist,1,102500,0,1,2023
Data Engineer,1,186600,0,1,2023
Data Engineer,1,116500,0,1,2023
Machine Learning Scientist,2,222000,0,1,2023
Machine Learning Scientist,2,138000,0,1,2023
Machine Learning Scientist,2,292000,0,1,2023
Machine Learning Scientist,2,164500,0,1,2023
Machine Learning Scientist,2,292200,0,1,2023
Data Engineer,2,163800,0,1,2023
Data Engineer,2,126000,0,1,2023
Other,2,280000,0,1,2023
Other,2,210000,0,1,2023
Data Scientist,1,170000,0,1,2023
Data Scientist,1,150000,0,1,2023
Machine Learning Engineer,1,200000,0,1,2023
Other,3,225000,0,1,2023
Other,3,175000,0,1,2023
Other,2,189750,0,1,2023
Other,2,131100,0,1,2023
Data Analyst,2,123400,0,1,2023
Data Analyst,2,82200,0,1,2023
Other,3,225000,0,1,2023
Data Engineer,2,161800,0,1,2023
Data Engineer,2,121400,0,1,2023
Research Scientist,2,285000,0,1,2023
Research Scientist,2,193900,0,1,2023
Analytics Engineer,2,240000,0,1,2023
Analytics Engineer,2,196000,0,1,2023
Data Scientist,2,214000,0,1,2023
Other,2,170000,0,1,2023
Other,2,155000,0,1,2023
Data Analyst,2,98000,0,1,2023
Machine Learning Engineer,2,199000,0,1,2023
Data Engineer,3,145000,0,1,2023
Data Analyst,2,142000,0,1,2023
Data Analyst,2,87500,0,1,2023
Machine Learning Engineer,2,165000,0,1,2023
Data Scientist,2,275300,0,1,2023
Data Scientist,2,183500,0,1,2023
Data Analyst,1,85000,0,1,2023
Data Engineer,2,245000,0,1,2023
Data Engineer,2,140000,0,1,2023
Analytics Engineer,2,231250,0,1,2023
Analytics Engineer,2,138750,0,1,2023
Machine Learning Engineer,1,155000,0,1,2023
Data Engineer,1,242000,0,1,2023
Data Engineer,1,195000,0,1,2023
Research Scientist,0,155000,0,1,2023
Research Scientist,0,125000,0,1,2023
Machine Learning Engineer,1,160000,0,1,2023
Machine Learning Engineer,1,140000,0,1,2023
Data Scientist,2,183924,0,1,2023
Data Scientist,2,125760,0,1,2023
Data Scientist,2,147100,0,1,2023
Data Scientist,2,90700,0,1,2023
Applied Scientist,0,213660,0,2,2023
Applied Scientist,0,130760,0,2,2023
Other,2,147100,0,1,2023
Data Analyst,1,150000,0,1,2023
Data Engineer,2,253200,0,1,2023
Data Engineer,2,90700,0,1,2023
Other,2,342810,0,1,2023
Other,2,184590,0,1,2023
Data Analyst,1,105380,0,1,2023
Data Analyst,1,64500,0,1,2023
Applied Scientist,0,204620,0,2,2023
Applied Scientist,0,110680,0,2,2023
Data Engineer,2,270703,0,1,2023
Data Engineer,2,221484,0,1,2023
Data Scientist,2,212750,0,1,2023
Data Scientist,2,262000,0,1,2023
Data Scientist,2,218500,0,1,2023
Data Scientist,2,199098,0,1,2023
Data Engineer,2,203300,0,1,2023
Data Engineer,2,123600,0,1,2023
Data Scientist,2,172500,0,1,2023
Data Scientist,2,110500,0,1,2023
Data Engineer,2,238000,0,1,2023
Data Engineer,2,176000,0,1,2023
Data Engineer,2,237000,0,1,2023
Data Engineer,2,201450,0,1,2023
Data Engineer,2,193500,0,1,2023
Data Engineer,2,139000,0,1,2023
Machine Learning Engineer,2,150000,1,1,2023
Other,2,185900,0,1,2023
Other,2,129300,0,1,2023
Machine Learning Engineer,0,163196,0,1,2023
Machine Learning Engineer,0,145885,0,1,2023
Data Analyst,2,202800,0,2,2023
Data Analyst,2,104300,0,2,2023
Data Engineer,2,179170,0,1,2023
Data Engineer,2,94300,0,1,2023
Analytics Engineer,2,152500,0,1,2023
Analytics Engineer,2,116450,0,1,2023
Data Engineer,2,247300,0,1,2023
Data Engineer,2,133800,0,1,2023
Research Engineer,2,203000,0,1,2023
Research Engineer,2,133000,0,1,2023
Research Scientist,0,220000,0,2,2023
Analytics Engineer,2,289800,0,1,2023
Analytics Engineer,2,214000,0,1,2023
Analytics Engineer,2,179820,0,1,2023
Analytics Engineer,2,143860,0,1,2023
Analytics Engineer,2,214200,0,1,2023
Data Engineer,2,141600,0,1,2023
Machine Learning Engineer,2,342300,0,2,2023
Machine Learning Engineer,2,176100,0,2,2023
Data Engineer,0,85000,0,1,2023
Data Engineer,0,65000,0,1,2023
Data Scientist,2,138784,0,1,2023
Data Scientist,2,83270,0,1,2023
Data Analyst,0,75000,0,1,2023
Data Analyst,0,70000,0,1,2023
Machine Learning Engineer,2,318300,0,1,2023
Machine Learning Engineer,2,212200,0,1,2023
Analytics Engineer,2,230000,0,1,2023
Analytics Engineer,2,143200,0,1,2023
Other,1,105000,0,2,2023
Data Analyst,2,168400,0,1,2023
Data Analyst,2,105200,0,1,2023
Data Analyst,0,85000,0,1,2023
Machine Learning Engineer,1,300000,0,1,2023
Machine Learning Engineer,1,250000,0,1,2023
Data Scientist,2,186000,0,1,2023
Research Engineer,1,230000,0,1,2023
Research Engineer,1,200000,0,1,2023
Data Engineer,3,205000,0,1,2023
Other,2,215000,0,1,2023
Other,2,170000,0,1,2023
Other,2,100000,0,1,2023
Other,2,80000,0,1,2023
Data Scientist,2,250000,0,1,2023
Data Scientist,2,162500,0,1,2023
Other,1,200000,0,1,2023
Data Engineer,2,100000,0,1,2023
Data Engineer,3,115000,0,1,2023
Data Scientist,2,203500,0,1,2023
Data Scientist,2,152000,0,1,2023
Data Scientist,2,239000,0,2,2023
Data Scientist,2,122900,0,2,2023
Data Science Manager,2,191765,0,1,2023
Data Science Manager,2,134236,0,1,2023
Analytics Engineer,2,190000,0,1,2023
Analytics Engineer,2,112000,0,1,2023
Data Analyst,2,105500,0,1,2023
Research Engineer,2,293000,0,1,2023
Research Engineer,2,185000,0,1,2023
Data Analyst,2,148500,0,1,2023
Analytics Engineer,2,152900,0,1,2023
Analytics Engineer,2,117100,0,1,2023
Analytics Engineer,2,173000,0,1,2023
Analytics Engineer,2,113000,0,1,2023
Data Engineer,3,175000,0,1,2023
Data Engineer,3,110000,0,1,2023
Research Scientist,2,130000,0,1,2023
Research Scientist,2,110000,0,1,2023
Applied Scientist,2,205000,0,1,2023
Data Analyst,2,149500,0,1,2023
Data Analyst,2,127075,0,1,2023
Data Engineer,2,219535,0,1,2023
Data Engineer,2,146115,0,1,2023
Data Scientist,2,199000,0,1,2023
Data Scientist,2,162000,0,1,2023
Analytics Engineer,3,221000,0,1,2023
Analytics Engineer,3,153000,0,1,2023
Data Analyst,2,187000,0,1,2023
Data Analyst,2,128000,0,1,2023
Research Scientist,2,136000,0,1,2023
Data Scientist,2,100000,0,1,2023
Data Engineer,2,179000,0,1,2023
Data Engineer,2,109000,0,1,2023
Other,2,198800,0,1,2023
Other,2,105200,0,1,2023
Data Analyst,2,112000,0,1,2023
Other,2,115000,0,1,2023
Other,2,86000,0,1,2023
Data Analyst,2,139000,0,1,2023
Machine Learning Engineer,1,280700,0,1,2023
Machine Learning Engineer,1,150450,0,1,2023
Data Scientist,1,93918,0,1,2023
Data Scientist,1,51962,0,1,2023
Machine Learning Engineer,2,257000,0,1,2023
Machine Learning Engineer,2,147000,0,1,2023
Data Engineer,2,222000,0,1,2023
Data Scientist,2,203000,0,1,2023
Data Scientist,2,133200,0,1,2023
Data Engineer,2,221000,0,1,2023
Data Engineer,2,147000,0,1,2023
Data Scientist,2,156000,0,1,2023
Machine Learning Engineer,2,304000,0,1,2023
Data Scientist,2,110000,0,1,2023
Data Engineer,2,240000,0,1,2023
Data Engineer,2,183600,0,1,2023
Other,1,130000,0,1,2023
Other,1,80000,0,1,2023
Other,2,160000,0,1,2023
Other,2,120000,0,1,2023
Machine Learning Engineer,2,289076,0,1,2023
Machine Learning Engineer,2,202353,0,1,2023
Data Analyst,2,155000,0,1,2023
Data Scientist,1,180000,0,1,2023
Data Scientist,3,200000,0,1,2023
Other,1,68000,0,2,2023
Other,0,60000,0,1,2023
Data Engineer,1,90000,0,1,2023
Research Engineer,0,155000,0,1,2023
Research Engineer,0,125000,0,1,2023
Machine Learning Engineer,2,181000,0,1,2023
Data Scientist,2,252000,0,1,2023
Data Architect,3,180000,0,1,2023
Data Architect,3,155000,0,1,2023
Data Scientist,2,191765,0,1,2023
Data Scientist,2,134236,0,1,2023
Data Analyst,0,64200,0,1,2023
Data Analyst,0,56100,0,1,2023
Other,1,135000,0,1,2023
Data Analyst,2,100500,0,1,2023
Data Analyst,1,182500,0,1,2023
Data Analyst,1,121500,0,1,2023
Data Engineer,2,203100,0,1,2023
Data Engineer,2,114500,0,1,2023
Data Engineer,0,92700,0,1,2023
Data Engineer,0,61800,0,1,2023
Data Architect,1,167500,0,1,2023
Data Architect,1,106500,0,1,2023
Data Engineer,1,146000,0,1,2023
Data Engineer,1,75000,0,1,2023
Data Engineer,3,286000,0,1,2023
Data Engineer,3,207000,0,1,2023
Data Engineer,2,223250,0,1,2023
Data Engineer,2,178600,0,1,2023
Other,3,353200,0,1,2023
Other,3,249300,0,1,2023
Machine Learning Scientist,1,230000,0,1,2023
Machine Learning Scientist,1,220000,0,1,2023
Data Scientist,2,297300,0,1,2023
Data Scientist,2,198200,0,1,2023
Research Scientist,1,210000,0,1,2023
Research Scientist,1,151800,0,1,2023
Data Scientist,2,317070,0,1,2023
Data Scientist,2,170730,0,1,2023
Other,1,134000,0,1,2023
Other,1,124000,0,1,2023
Data Engineer,2,124500,0,1,2023
Data Analyst,2,175000,0,1,2023
Data Analyst,2,148700,0,1,2023
Data Analyst,2,125600,0,1,2023
Research Engineer,0,160000,0,1,2023
Research Engineer,0,120000,0,1,2023
Data Analyst,2,185000,0,1,2023
Data Analyst,2,120250,0,1,2023
Data Scientist,2,183000,0,1,2023
Data Architect,2,170000,0,1,2023
Data Architect,2,125000,0,1,2023
Machine Learning Engineer,1,135000,0,2,2023
Data Engineer,1,143865,0,1,2023
Data Engineer,1,115092,0,1,2023
Machine Learning Engineer,1,130000,0,1,2023
Machine Learning Engineer,1,90000,0,1,2023
Data Scientist,2,173000,0,1,2023
Data Scientist,2,132000,0,1,2023
Data Analyst,2,208049,0,1,2023
Data Analyst,2,128500,0,1,2023
Data Engineer,2,167500,0,1,2023
Data Engineer,2,106500,0,1,2023
Data Engineer,1,149600,0,1,2023
Data Engineer,1,102000,0,1,2023
Data Scientist,3,100000,0,1,2023
Data Analyst,2,190000,0,1,2023
Data Analyst,2,106800,0,1,2023
Data Analyst,1,128000,0,1,2023
Data Engineer,1,151000,0,1,2023
Data Engineer,1,140000,0,1,2023
Machine Learning Scientist,2,220000,0,1,2023
Data Analyst,1,154000,0,1,2023
Data Analyst,1,143000,0,1,2023
Data Scientist,0,190000,0,1,2023
Data Scientist,0,120000,0,1,2023
Data Engineer,3,265000,0,1,2023
Data Engineer,3,235000,0,1,2023
Data Engineer,1,60400,0,1,2023
Data Analyst,1,83500,0,1,2023
Data Analyst,1,52500,0,1,2023
Data Scientist,2,201036,0,1,2023
Data Scientist,2,134024,0,1,2023
Data Analyst,2,165000,0,1,2023
Data Engineer,0,62000,0,1,2023
Data Engineer,0,58000,0,1,2023
Data Scientist,2,172000,0,1,2023
Data Scientist,2,115000,0,1,2023
Data Engineer,0,125000,0,1,2023
Data Engineer,0,90000,0,1,2023
Data Engineer,2,139500,0,1,2023
Data Engineer,2,109400,0,1,2023
Data Engineer,1,145000,0,1,2023
Data Scientist,2,239748,0,1,2023
Data Scientist,2,159832,0,1,2023
Data Scientist,2,186300,0,1,2023
Data Scientist,2,102500,0,1,2023
Data Architect,2,149040,0,1,2023
Data Architect,2,113900,0,1,2023
Data Engineer,2,172600,0,1,2023
Data Engineer,2,107900,0,1,2023
Data Analyst,2,180180,0,1,2023
Data Analyst,2,106020,0,1,2023
Data Architect,2,376080,0,1,2023
Data Architect,2,213120,0,1,2023
Data Analyst,2,206500,0,1,2023
Data Analyst,2,121600,0,1,2023
Other,2,170000,0,2,2023
Other,2,90000,0,2,2023
Data Analyst,0,95000,0,1,2023
Data Engineer,2,275000,0,1,2023
Machine Learning Engineer,2,120000,0,1,2023
Research Engineer,2,175000,0,1,2023
Data Analyst,1,206000,0,1,2023
Data Analyst,1,130000,0,1,2023
Analytics Engineer,2,130000,0,1,2023
Analytics Engineer,2,87000,0,1,2023
Data Scientist,1,145000,0,1,2023
Data Engineer,2,147100,0,1,2023
Data Engineer,0,115100,0,1,2023
Data Engineer,0,73900,0,1,2023
Data Engineer,2,168400,0,1,2023
Data Engineer,2,105200,0,1,2023
Other,1,130000,0,2,2023
Data Scientist,2,205000,0,1,2023
Research Scientist,2,141288,0,1,2023
Research Scientist,2,94192,0,1,2023
Other,2,184000,0,1,2023
Other,2,143000,0,1,2023
ML Engineer,1,160000,0,1,2023
ML Engineer,1,147000,0,1,2023
Data Engineer,3,210914,0,1,2023
Data Engineer,3,116704,0,1,2023
Analytics Engineer,1,185700,0,1,2023
Analytics Engineer,1,165000,0,1,2023
Other,2,193000,0,1,2023
Other,2,136850,0,1,2023
Machine Learning Engineer,2,139500,0,1,2023
Machine Learning Engineer,2,109400,0,1,2023
Data Engineer,2,276000,0,1,2023
Other,2,130000,0,2,2022
Other,1,150000,0,1,2021
Analytics Engineer,2,170000,0,1,2023
Machine Learning Engineer,2,163800,0,1,2023
Machine Learning Engineer,2,126000,0,1,2023
Data Scientist,1,106250,0,1,2023
Data Engineer,3,167500,0,1,2023
Data Engineer,3,106500,0,1,2023
Data Analyst,2,250000,0,1,2023
Data Analyst,2,138000,0,1,2023
Data Science Manager,1,104500,0,1,2023
Data Science Manager,1,70000,0,1,2023
Other,1,90000,0,1,2023
Other,1,70000,0,1,2023
Research Scientist,1,185000,0,1,2023
Research Scientist,1,125000,0,1,2023
Data Analyst,2,127000,0,1,2023
Data Scientist,2,210550,0,1,2023
Data Scientist,2,153300,0,1,2023
Data Scientist,1,200000,0,1,2023
Data Analyst,2,161500,0,1,2023
Data Analyst,2,119500,0,1,2023
Other,2,105000,0,1,2023
Other,2,85000,0,1,2023
Research Scientist,2,215000,0,1,2023
Research Scientist,2,146300,0,1,2023
Machine Learning Engineer,2,153400,0,1,2023
Machine Learning Engineer,2,122700,0,1,2023
Data Scientist,2,123900,0,1,2023
Research Scientist,1,340000,0,1,2023
Research Scientist,1,150000,0,1,2023
Data Engineer,1,250000,0,1,2023
Data Analyst,2,185900,0,1,2023
Data Analyst,2,121700,0,1,2023
Data Analyst,0,100000,1,2,2023
Data Engineer,3,310000,0,1,2023
Data Engineer,3,239000,0,1,2023
Data Analyst,0,150000,0,1,2023
Data Analyst,0,100000,0,1,2023
Data Scientist,2,149076,0,1,2023
Data Scientist,2,82365,0,1,2023
Data Analyst,2,85500,0,1,2023
Data Scientist,1,97750,0,1,2023
Data Scientist,2,201000,0,1,2023
Data Scientist,2,122000,0,1,2023
Data Scientist,1,116990,0,1,2023
Data Scientist,1,82920,0,1,2023
Machine Learning Scientist,1,200000,0,0,2023
Machine Learning Scientist,1,125000,0,0,2023
Other,2,155000,0,1,2023
Other,2,140000,0,1,2023
Other,1,205920,0,1,2023
Other,1,171600,0,1,2023
Data Engineer,2,121500,0,1,2023
Data Engineer,1,154000,0,1,2023
Data Engineer,1,116000,0,1,2023
Data Analyst,2,180000,0,1,2023
Data Scientist,2,260000,0,1,2023
Data Analyst,2,122000,0,1,2023
Data Analyst,2,93800,0,1,2023
Other,0,220000,0,1,2023
Machine Learning Engineer,1,175000,0,1,2023
Data Analyst,2,152380,0,1,2023
Data Analyst,2,121904,0,1,2023
Data Architect,2,168400,0,1,2023
Data Architect,2,105200,0,1,2023
Machine Learning Engineer,2,128280,0,1,2023
Machine Learning Engineer,2,106900,0,1,2023
Other,2,192000,0,2,2022
Data Analyst,2,170500,0,1,2023
Data Engineer,2,65000,0,1,2023
Data Engineer,2,124740,0,1,2023
Data Engineer,2,65488,0,1,2023
Other,2,72200,0,1,2023
Other,2,64980,0,1,2023
Data Analyst,2,179975,0,1,2023
Data Analyst,2,86466,0,1,2023
Data Science Manager,2,175000,0,1,2023
Data Science Manager,2,120000,0,1,2023
Other,2,120000,0,1,2023
Other,2,205920,0,1,2023
Other,2,171600,0,1,2023
Other,1,130000,0,1,2023
Data Scientist,0,168000,0,1,2022
Data Engineer,2,167580,0,1,2023
Data Engineer,2,87980,0,1,2023
Data Engineer,2,202000,0,1,2023
Data Engineer,2,104000,0,1,2023
Research Engineer,2,230000,0,1,2023
Research Engineer,2,148000,0,1,2023
Analytics Engineer,2,197000,0,1,2023
Analytics Engineer,2,106000,0,1,2023
Other,1,150000,0,1,2023
Other,1,100000,0,1,2023
Data Engineer,2,290000,0,1,2023
Data Engineer,2,192000,0,1,2023
Data Engineer,2,172800,0,1,2023
Data Scientist,2,300240,0,1,2023
Data Scientist,2,200160,0,1,2023
Analytics Engineer,2,175000,0,1,2023
Other,2,169000,0,1,2023
Other,2,100000,0,1,2023
Data Scientist,2,370000,0,1,2023
Data Analyst,2,110000,0,0,2023
Data Analyst,2,80000,0,0,2023
Data Analyst,0,55000,0,1,2023
Data Analyst,0,48000,0,1,2023
Data Engineer,2,137500,0,1,2023
Machine Learning Engineer,2,186000,0,1,2023
Machine Learning Engineer,2,153088,0,1,2023
Other,1,190000,0,1,2023
Other,1,160000,0,1,2023
Other,1,183310,0,1,2023
Data Engineer,2,66000,0,1,2023
Machine Learning Engineer,1,148500,0,1,2023
Machine Learning Engineer,1,126277,0,1,2023
Data Architect,2,228000,0,1,2023
Data Architect,2,120000,0,1,2023
Other,2,180000,0,1,2023
Other,2,90000,0,1,2023
Other,2,272000,0,1,2023
Other,2,170000,0,1,2023
Data Engineer,2,259000,0,1,2023
Other,2,247500,0,1,2023
Other,2,172200,0,1,2023
Machine Learning Engineer,2,288000,0,1,2023
Data Scientist,2,215050,0,1,2023
Data Architect,2,198000,0,1,2023
Data Architect,2,114000,0,1,2023
Data Scientist,2,209300,0,1,2023
Data Scientist,2,182200,0,1,2023
Data Scientist,0,85000,0,1,2022
Machine Learning Engineer,2,147100,0,1,2023
Machine Learning Engineer,2,90700,0,1,2023
Data Analyst,2,227000,0,1,2023
Data Analyst,2,108000,0,1,2023
Data Architect,2,160000,0,1,2023
Data Analyst,0,60000,0,2,2023
Data Analyst,0,50000,1,2,2023
Data Engineer,2,226700,0,1,2023
Data Engineer,2,133300,0,1,2023
Data Analyst,2,52500,0,1,2023
Data Engineer,2,162500,0,1,2023
Data Analyst,1,165000,0,1,2023
Data Analyst,1,124000,0,1,2023
Data Engineer,2,63000,0,1,2023
Data Engineer,2,213580,0,1,2023
Data Engineer,2,163625,0,1,2023
Other,2,375000,0,1,2022
Data Engineer,3,210000,0,1,2023
Data Science Manager,2,231250,0,1,2023
Data Science Manager,2,138750,0,1,2023
Machine Learning Engineer,2,284310,0,1,2023
Machine Learning Engineer,2,153090,0,1,2023
Data Analyst,1,125000,0,1,2023
Other,2,225900,0,1,2023
Other,2,156400,0,1,2023
Data Analyst,2,385000,0,1,2023
Data Engineer,2,241871,0,1,2023
Data Engineer,2,133832,0,1,2023
Data Analyst,2,192500,0,1,2023
Data Scientist,2,216100,0,1,2023
Data Scientist,2,140800,0,1,2023
Data Scientist,0,110000,0,0,2023
Data Engineer,3,284000,0,1,2023
Data Engineer,3,236000,0,1,2023
Research Engineer,2,155850,0,1,2023
Research Engineer,2,102544,0,1,2023
Data Scientist,1,151410,0,1,2023
Data Scientist,1,115360,0,1,2023
Data Scientist,0,180000,0,1,2022
Research Scientist,1,85000,0,1,2023
Research Scientist,1,70000,0,1,2023
Other,2,100000,0,1,2023
Other,3,155000,0,1,2023
Other,3,140000,0,1,2023
ML Engineer,2,220000,0,1,2023
ML Engineer,2,150000,0,1,2023
Other,2,204500,0,1,2023
Other,2,138900,0,1,2023
Machine Learning Engineer,1,110000,0,2,2023
Data Engineer,2,182750,0,1,2023
Other,3,314100,0,1,2023
Other,3,195800,0,1,2023
Applied Scientist,2,180000,0,1,2023
Data Scientist,2,144000,0,1,2023
Other,0,160000,0,1,2023
Other,0,100000,0,1,2023
Other,2,199000,0,1,2023
Other,2,112000,0,1,2023
Data Engineer,0,160000,0,1,2023
Data Engineer,0,135000,0,1,2023
Applied Scientist,2,350000,0,2,2023
Applied Scientist,2,262500,0,2,2023
Machine Learning Engineer,2,276000,0,1,2023
Data Scientist,2,158677,0,1,2023
Data Analyst,1,103200,0,1,2023
Data Analyst,1,61200,0,1,2023
Data Scientist,1,155000,0,2,2022
Data Scientist,2,139000,0,1,2023
Data Architect,2,174500,0,1,2023
Data Architect,2,113000,0,1,2023
Data Analyst,2,87000,0,1,2023
Data Engineer,2,107250,0,1,2023
Data Engineer,2,300000,0,1,2023
Data Engineer,2,119000,0,1,2023
Data Analyst,0,30000,1,0,2023
Data Science Manager,1,220000,0,1,2023
Data Science Manager,1,195000,0,1,2023
Other,2,168400,0,1,2023
Analytics Engineer,2,200000,0,1,2023
Data Scientist,0,124234,0,1,2023
Data Scientist,0,74540,0,1,2023
Data Analyst,1,109000,0,1,2023
Data Analyst,2,141290,0,1,2023
Data Analyst,2,74178,0,1,2023
Data Engineer,2,107500,0,1,2023
Data Scientist,2,84000,0,1,2023
Other,2,125000,0,1,2023
Other,2,110000,0,1,2023
ML Engineer,2,200000,0,1,2023
ML Engineer,2,135000,0,1,2023
Other,0,48000,0,2,2022
Data Engineer,1,150000,0,1,2023
Other,2,200000,0,0,2023
Data Scientist,2,257000,0,1,2023
Other,2,140000,0,1,2023
Data Scientist,1,183310,0,1,2023
Data Analyst,2,102500,0,1,2023
Other,2,122000,0,1,2023
Other,2,94000,0,1,2023
Other,2,145000,0,1,2023
Other,2,128000,0,1,2023
Data Scientist,2,182000,0,1,2023
Data Scientist,3,300000,0,1,2023
Data Analyst,1,135000,0,1,2023
Data Analyst,1,105500,0,1,2023
Data Scientist,1,110000,0,2,2022
Data Scientist,2,153400,0,1,2023
Data Scientist,2,122700,0,1,2023
Machine Learning Engineer,1,145000,0,1,2023
Machine Learning Engineer,1,87000,0,1,2023
Data Scientist,0,50000,1,1,2023
ML Engineer,2,234100,0,1,2023
ML Engineer,2,203500,0,1,2023
Data Scientist,2,223800,0,1,2023
Data Scientist,2,172100,0,1,2023
Data Engineer,2,232200,0,1,2023
Data Engineer,2,167200,0,1,2023
Other,2,197000,0,1,2023
Other,2,106000,0,1,2023
Research Scientist,2,180000,0,1,2023
Research Scientist,2,145000,0,1,2023
Other,2,225000,0,1,2023
Other,2,200000,0,1,2023
Data Engineer,2,114000,0,1,2023
Data Engineer,2,291500,0,1,2023
Data Engineer,3,196200,0,1,2023
Data Engineer,3,150900,0,1,2023
Data Analyst,1,116000,0,1,2023
Data Analyst,1,72000,0,1,2023
Analytics Engineer,2,207000,0,1,2023
Analytics Engineer,2,167000,0,1,2023
Machine Learning Engineer,2,135000,0,1,2023
Data Engineer,1,105000,0,1,2023
Data Engineer,2,96100,0,1,2023
Other,2,140000,0,1,2023
Other,2,100000,0,1,2023
Research Scientist,2,120000,0,1,2023
Other,2,140000,0,1,2023
Other,2,115000,0,1,2023
Data Science Manager,2,297300,0,1,2023
Data Science Manager,2,198200,0,1,2023
Machine Learning Engineer,1,219000,0,2,2023
Data Engineer,2,110000,0,1,2023
Applied Scientist,2,126100,0,2,2023
Applied Scientist,2,72000,0,2,2023
Data Analyst,2,240500,0,1,2023
Data Analyst,2,137500,0,1,2023
Data Scientist,1,187500,0,1,2023
Data Scientist,1,165000,0,1,2023
Research Scientist,2,165750,0,1,2023
Machine Learning Scientist,2,225000,0,1,2023
Machine Learning Scientist,2,165750,0,1,2023
Other,2,275000,0,1,2023
Other,2,175000,0,1,2023
Data Engineer,2,175308,0,1,2023
Data Engineer,2,100706,0,1,2023
Other,2,235000,0,1,2023
Other,2,135000,0,1,2023
Data Engineer,2,310000,0,1,2023
ML Engineer,2,289076,0,1,2023
ML Engineer,2,202353,0,1,2023
Research Engineer,1,120000,0,1,2023
Research Engineer,1,100000,0,1,2023
Data Engineer,2,231250,0,1,2023
Data Engineer,2,138750,0,1,2023
Data Engineer,2,199000,0,1,2023
Data Scientist,0,100000,0,1,2022
Other,0,150000,0,1,2023
Other,0,120000,0,1,2023
Research Engineer,2,150000,0,1,2023
Research Engineer,2,100000,0,1,2023
Data Scientist,2,272550,0,1,2023
Data Engineer,2,187500,0,1,2023
Data Analyst,2,64000,0,1,2023
Other,2,235000,0,1,2023
Other,2,185000,0,1,2023
Applied Scientist,2,142000,0,1,2023
Data Scientist,2,180560,0,1,2023
Data Scientist,2,115440,0,1,2023
Data Architect,2,110000,0,1,2023
Data Engineer,2,236000,0,1,2023
Data Scientist,0,130000,0,1,2022
Other,2,125000,0,2,2022
Data Engineer,2,175000,0,1,2022
Data Engineer,2,155000,0,1,2022
Data Engineer,2,153600,0,1,2022
Data Engineer,2,106800,0,1,2022
Data Scientist,2,150000,0,1,2022
Data Scientist,2,140000,0,1,2022
Other,2,122000,0,1,2022
Other,2,94500,0,1,2022
Data Engineer,2,170000,0,1,2022
Data Engineer,2,130000,0,1,2022
Other,2,145000,0,1,2022
Other,2,128000,0,1,2022
Data Engineer,2,145000,0,1,2022
Data Engineer,2,100000,0,1,2022
Data Engineer,2,120000,0,1,2022
Data Engineer,2,115000,0,1,2022
Other,2,150000,0,1,2022
Data Analyst,1,150000,0,1,2022
Data Analyst,1,100000,0,1,2022
Data Scientist,1,150000,0,1,2022
Data Scientist,1,127500,0,1,2022
Data Scientist,2,126500,0,1,2022
Data Scientist,2,51000,0,1,2022
Data Engineer,1,260000,0,1,2022
Data Engineer,1,175000,0,1,2022
Data Engineer,2,250000,0,1,2022
Data Engineer,2,63000,0,1,2022
Machine Learning Engineer,2,210000,0,1,2022
Machine Learning Engineer,2,160000,0,1,2022
Data Scientist,2,272550,0,1,2022
Data Scientist,2,198200,0,1,2022
Data Scientist,2,220000,0,1,2022
Data Scientist,2,146000,0,1,2022
Data Engineer,1,150000,0,1,2022
Data Engineer,1,120000,0,1,2022
Data Engineer,1,95000,0,1,2022
Data Engineer,0,160000,0,1,2022
Data Engineer,0,135000,0,1,2022
Data Engineer,2,216000,0,1,2022
Data Engineer,2,144000,0,1,2022
Data Engineer,0,85000,0,1,2022
Data Engineer,0,65000,0,1,2022
Data Analyst,2,149000,0,1,2022
Data Analyst,2,119000,0,1,2022
Data Scientist,2,120000,0,1,2022
Data Scientist,1,110000,0,1,2022
Machine Learning Engineer,2,246000,0,1,2022
Machine Learning Engineer,2,201000,0,1,2022
Data Scientist,2,190000,0,1,2022
Data Scientist,2,155000,0,1,2022
ML Engineer,2,235000,0,1,2022
ML Engineer,2,185000,0,1,2022
Other,2,190000,0,1,2022
Other,2,160000,0,1,2022
Other,0,100000,0,1,2022
Data Engineer,1,130000,0,1,2022
Data Engineer,1,115000,0,1,2022
Data Engineer,1,105000,0,1,2022
Data Engineer,1,70000,0,1,2022
Machine Learning Engineer,2,204500,0,1,2022
Machine Learning Engineer,2,142200,0,1,2022
Machine Learning Engineer,2,192000,0,1,2022
Machine Learning Engineer,2,164000,0,1,2022
Data Engineer,2,185900,0,1,2022
Data Engineer,2,129300,0,1,2022
Data Engineer,2,75000,0,1,2022
Data Science Manager,2,175000,0,1,2022
Data Science Manager,2,120000,0,1,2022
Data Engineer,2,167500,0,1,2022
Data Engineer,2,106500,0,1,2022
Data Analyst,1,75000,0,1,2022
Data Analyst,1,60000,0,1,2022
Applied Scientist,2,184000,0,1,2022
Applied Scientist,2,142000,0,1,2022
Data Scientist,1,145000,0,1,2022
Data Scientist,1,100000,0,1,2022
Data Scientist,1,2500000,1,1,2022
Data Engineer,3,200000,0,1,2022
Data Engineer,3,145000,0,1,2022
Applied Scientist,2,192000,0,1,2022
Applied Scientist,2,164000,0,1,2022
Data Engineer,3,310000,0,1,2022
Data Engineer,3,239000,0,1,2022
Data Analyst,2,120000,0,1,2022
Data Analyst,2,95000,0,1,2022
Machine Learning Engineer,2,145000,0,1,2022
Machine Learning Engineer,2,135000,0,1,2022
Data Engineer,2,78000,0,1,2022
Data Engineer,1,160000,0,1,2022
Data Engineer,2,95000,0,1,2022
Data Analyst,2,115934,0,1,2022
Data Analyst,2,81666,0,1,2022
Data Scientist,2,175000,0,1,2022
Research Engineer,2,249500,0,1,2022
Research Engineer,2,149850,0,1,2022
Analytics Engineer,1,122500,0,1,2022
Analytics Engineer,1,100000,0,1,2022
Data Scientist,2,249500,0,1,2022
Data Scientist,2,149850,0,1,2022
Data Analyst,0,55000,0,1,2022
Data Analyst,0,48000,0,1,2022
Research Scientist,2,249500,0,1,2022
Research Scientist,2,149850,0,1,2022
Data Engineer,2,190000,0,1,2022
Data Analyst,2,127000,0,1,2022
Data Analyst,2,104000,0,1,2022
Data Scientist,2,210000,0,1,2022
Machine Learning Engineer,2,150000,0,1,2022
Data Engineer,2,210000,0,1,2022
Data Scientist,2,182750,0,1,2022
Data Scientist,2,161500,0,1,2022
Data Analyst,1,102640,0,1,2022
Data Analyst,1,66100,0,1,2022
Research Scientist,2,210000,0,1,2022
Research Scientist,2,150000,0,1,2022
Data Engineer,2,198800,0,1,2022
Data Engineer,2,122600,0,1,2022
Data Engineer,1,80000,0,1,2022
Data Scientist,2,136000,0,1,2022
Data Scientist,2,104000,0,1,2022
Data Analyst,2,150000,0,1,2022
Data Analyst,2,100000,0,1,2022
Data Scientist,3,159000,0,1,2022
Data Scientist,3,130000,0,1,2022
Data Engineer,2,215000,0,1,2022
Data Engineer,2,150000,0,1,2022
Data Engineer,1,187000,0,1,2022
Data Engineer,1,153000,0,1,2022
Data Analyst,2,169000,0,1,2022
Data Analyst,2,110600,0,1,2022
Other,2,140000,0,1,2022
Other,2,120000,0,1,2022
Data Analyst,0,50000,0,2,2022
Other,1,134000,0,1,2022
Other,1,124000,0,1,2022
Data Analyst,2,166700,0,1,2022
Data Scientist,0,124234,0,1,2022
Data Scientist,0,74540,0,1,2022
Data Analyst,1,65000,0,1,2022
Data Engineer,2,220000,0,1,2022
Data Engineer,2,146000,0,1,2022
Other,2,110000,0,1,2022
Other,2,70000,0,1,2022
Data Architect,2,190000,0,1,2022
Data Architect,2,135000,0,1,2022
Data Scientist,2,128000,0,1,2022
Data Scientist,2,81500,0,1,2022
Data Scientist,2,173000,0,1,2022
Data Scientist,2,110000,0,1,2022
Machine Learning Engineer,2,120000,0,1,2022
Other,2,190000,0,2,2022
Data Engineer,2,194000,0,1,2022
Data Engineer,2,129400,0,1,2022
Data Analyst,2,201000,0,1,2022
Data Analyst,2,89200,0,1,2022
Data Scientist,2,165000,0,1,2022
Data Scientist,2,125000,0,1,2022
Applied Scientist,2,230000,0,1,2022
Applied Scientist,2,196000,0,1,2022
Machine Learning Engineer,1,130000,0,1,2022
Machine Learning Engineer,1,90000,0,1,2022
Other,1,150000,0,1,2022
Other,1,100000,0,1,2022
Machine Learning Engineer,1,230000,0,1,2022
Machine Learning Engineer,1,150000,0,1,2022
Other,1,130000,0,1,2022
Data Scientist,1,180000,0,1,2022
Data Scientist,1,120000,0,1,2022
Data Analyst,2,192500,0,1,2022
Data Analyst,2,140000,0,1,2022
Data Engineer,2,152500,0,1,2022
Data Analyst,2,65000,0,1,2022
Data Analyst,2,55000,0,1,2022
Data Engineer,2,178750,0,1,2022
Data Engineer,2,160000,0,1,2022
Machine Learning Scientist,1,165000,0,1,2022
Machine Learning Scientist,1,135000,0,1,2022
Analytics Engineer,2,170000,0,1,2022
Analytics Engineer,2,125000,0,1,2022
Data Engineer,2,105000,0,1,2022
Data Engineer,2,70000,0,1,2022
Data Scientist,2,130000,0,1,2022
Data Scientist,2,95000,0,1,2022
Data Scientist,2,203500,0,1,2022
Data Scientist,2,152000,0,1,2022
Data Engineer,2,197430,0,1,2022
Data Engineer,2,134760,0,1,2022
Data Engineer,2,197000,0,1,2022
Data Engineer,2,99000,0,1,2022
Data Engineer,2,162000,0,1,2022
Data Architect,2,149040,0,1,2022
Data Architect,2,113900,0,1,2022
Other,1,95000,0,1,2020
Data Analyst,2,115000,0,0,2021
Data Scientist,2,185900,0,1,2022
Data Scientist,2,129300,0,1,2022
Data Engineer,2,230000,0,1,2022
Data Engineer,2,154600,0,1,2022
Data Engineer,1,75000,0,1,2022
Data Engineer,2,213000,0,1,2022
Data Engineer,2,152000,0,1,2022
Data Scientist,2,70000,0,1,2022
ML Engineer,2,243000,0,1,2022
ML Engineer,2,183000,0,1,2022
Data Scientist,1,130000,0,1,2022
Data Scientist,1,90000,0,1,2022
Data Analyst,1,165000,0,1,2022
Data Analyst,1,124000,0,1,2022
Data Engineer,2,300000,0,1,2022
Data Analyst,2,116000,0,1,2022
Data Analyst,2,96000,0,1,2022
Data Analyst,2,105000,0,1,2022
Data Analyst,2,70000,0,1,2022
Machine Learning Engineer,0,189750,0,1,2022
Machine Learning Engineer,0,140250,0,1,2022
Data Analyst,2,130000,0,1,2022
Data Analyst,1,160000,0,1,2022
Data Analyst,1,109000,0,1,2022
Research Engineer,2,250000,0,1,2022
Research Engineer,2,150000,0,1,2022
Data Analyst,1,206000,0,1,2022
Data Engineer,2,135000,0,1,2022
Data Engineer,2,191200,0,1,2022
Data Engineer,2,230000,0,2,2022
Data Engineer,2,154600,0,2,2022
Data Analyst,1,80000,0,2,2022
Analytics Engineer,2,135000,0,1,2022
Analytics Engineer,2,110000,0,1,2022
Other,1,155000,0,1,2022
Other,1,140000,0,1,2022
Data Engineer,2,205000,0,1,2022
Data Engineer,2,179500,0,1,2022
Data Engineer,2,134000,0,1,2022
Data Scientist,2,145000,0,1,2022
Data Architect,2,235000,0,1,2022
Data Architect,2,175000,0,1,2022
Data Engineer,1,90000,0,1,2022
Other,1,165000,0,1,2022
Other,1,135000,0,1,2022
Data Engineer,2,168400,0,1,2022
Data Engineer,2,105200,0,1,2022
Data Engineer,2,200000,0,1,2022
Data Scientist,2,198800,0,1,2022
Data Scientist,2,122600,0,1,2022
Data Engineer,2,125000,0,1,2022
Data Engineer,2,110000,0,1,2022
Data Scientist,2,148000,0,1,2022
Data Scientist,2,107000,0,1,2022
Data Science Manager,2,299500,0,1,2022
Data Science Manager,2,245100,0,1,2022
Data Scientist,2,168000,0,1,2022
Data Engineer,1,161000,0,1,2022
Data Engineer,1,118000,0,1,2022
Applied Scientist,2,205000,0,1,2022
Data Science Manager,2,247500,0,1,2022
Data Science Manager,2,172200,0,1,2022
Data Analyst,2,177000,0,1,2022
Data Analyst,2,131000,0,1,2022
Data Engineer,2,102000,0,1,2022
Data Engineer,1,65000,0,1,2022
Data Engineer,1,135000,0,1,2022
Data Scientist,0,80000,0,1,2022
Data Engineer,2,231250,0,1,2022
Data Engineer,2,138750,0,1,2022
Analytics Engineer,2,193750,0,1,2022
Analytics Engineer,2,116250,0,1,2022
Analytics Engineer,2,231250,0,1,2022
Analytics Engineer,2,138750,0,1,2022
Data Engineer,2,193750,0,1,2022
Data Engineer,2,116250,0,1,2022
Data Scientist,2,208000,0,1,2022
Data Scientist,2,127000,0,1,2022
Research Scientist,2,300000,0,1,2022
Research Scientist,2,196000,0,1,2022
Data Scientist,2,205000,0,1,2022
Data Scientist,2,185000,0,1,2022
Machine Learning Engineer,2,247500,0,1,2022
Machine Learning Engineer,2,172200,0,1,2022
Data Analyst,2,110000,0,1,2022
Other,2,375000,0,2,2022
Data Scientist,2,225000,0,1,2022
Data Scientist,2,156400,0,1,2022
Data Scientist,2,140700,0,1,2022
Data Scientist,2,93800,0,1,2022
Data Scientist,2,350000,0,1,2022
Data Scientist,2,135000,0,1,2022
Machine Learning Engineer,2,119000,0,1,2022
Data Analyst,2,154560,0,1,2022
Data Analyst,2,123648,0,1,2022
Data Engineer,1,170000,0,1,2022
Data Engineer,1,145000,0,1,2022
Data Scientist,2,247500,0,1,2022
Data Scientist,2,172200,0,1,2022
Data Scientist,2,177500,0,1,2022
Data Scientist,2,134000,0,1,2022
Data Architect,2,192564,0,1,2022
Data Architect,2,144854,0,1,2022
Data Engineer,2,179305,0,1,2022
Data Engineer,2,142127,0,1,2022
Data Engineer,2,315000,0,1,2022
Data Engineer,2,225000,0,1,2022
Data Scientist,2,243900,0,1,2022
Data Scientist,2,156600,0,1,2022
Data Analyst,1,79000,0,1,2022
Data Engineer,2,182500,0,1,2022
Data Engineer,2,128500,0,1,2022
Other,0,77300,0,1,2022
Other,0,45600,0,1,2022
Data Architect,2,210000,0,1,2022
Data Architect,2,136000,0,1,2022
Data Engineer,2,140000,0,1,2022
Data Engineer,2,247500,0,1,2022
Data Engineer,2,172200,0,1,2022
Data Engineer,2,184100,0,1,2022
Data Scientist,1,85000,0,1,2022
Data Scientist,1,78000,0,1,2022
Data Engineer,2,161000,0,1,2022
Other,3,205000,0,1,2022
Other,3,160000,0,1,2022
Data Scientist,2,245000,0,1,2022
Data Scientist,2,180000,0,1,2022
Data Scientist,2,198440,0,2,2022
Data Scientist,2,144000,0,2,2022
Data Engineer,2,240000,0,1,2022
Data Scientist,2,198440,0,1,2022
Data Scientist,2,144000,0,1,2022
Data Analyst,0,64000,0,2,2022
Data Engineer,2,275000,0,1,2022
Data Engineer,2,166000,0,1,2022
Data Scientist,2,159699,0,1,2022
Data Scientist,2,138938,0,1,2022
Other,0,76000,0,2,2022
Data Analyst,2,80000,0,1,2022
Data Analyst,2,52500,0,1,2022
Data Engineer,2,236000,0,1,2022
Data Engineer,2,182000,0,1,2022
Data Analyst,2,135000,0,1,2022
Research Engineer,1,240000,0,1,2022
Data Engineer,2,195000,0,1,2022
Other,2,123000,0,1,2022
Other,2,92250,0,1,2022
ML Engineer,1,180000,0,1,2022
ML Engineer,1,100000,0,1,2022
Data Engineer,2,97000,0,1,2022
Data Engineer,2,90000,0,1,2022
Machine Learning Engineer,2,180000,0,1,2022
Data Engineer,2,260000,0,1,2022
Data Engineer,2,180000,0,1,2022
Analytics Engineer,3,210000,0,1,2022
Analytics Engineer,3,157000,0,1,2022
Data Analyst,1,80000,0,1,2022
Data Analyst,1,52500,0,1,2022
Data Architect,2,128000,0,1,2022
Data Architect,2,81500,0,1,2022
Other,2,105000,0,1,2022
Other,2,70000,0,1,2022
Data Scientist,2,122500,0,1,2022
Data Engineer,2,171000,0,1,2022
Data Engineer,2,117000,0,1,2022
Data Scientist,2,202800,0,2,2022
Data Scientist,2,104300,0,2,2022
Data Architect,2,345600,0,1,2022
Data Architect,2,230400,0,1,2022
Data Analyst,2,175950,0,1,2022
Data Analyst,2,130050,0,1,2022
Data Engineer,2,205600,0,2,2022
Data Engineer,2,105700,0,2,2022
Data Analyst,2,236600,0,1,2022
Data Scientist,0,80000,0,2,2022
Other,2,165000,0,0,2022
Machine Learning Engineer,0,108000,0,0,2022
Data Scientist,2,38000,0,1,2022
Data Analyst,1,85000,0,1,2022
Data Scientist,2,153600,0,1,2022
Data Scientist,2,106800,0,1,2022
Data Scientist,2,50000,0,1,2022
Data Scientist,2,123400,0,1,2022
Data Scientist,2,88100,0,1,2022
Data Scientist,2,120000,0,0,2022
Data Scientist,2,55000,0,0,2022
Analytics Engineer,2,150000,0,1,2022
Analytics Engineer,2,120000,0,1,2022
Other,2,139000,0,1,2022
Data Analyst,2,139600,0,1,2022
Data Analyst,2,85700,0,1,2022
Data Engineer,2,185000,0,1,2022
Data Engineer,2,50000,0,1,2022
Data Scientist,2,200000,0,1,2022
ML Engineer,1,148500,0,2,2022
ML Engineer,1,98200,0,2,2022
Data Analyst,2,115000,0,1,2022
Data Architect,2,225000,0,1,2022
Data Architect,2,66000,0,1,2022
Other,1,134000,0,1,2022
Other,1,98000,0,1,2022
Data Analyst,1,105000,0,1,2022
Data Analyst,1,62000,0,1,2022
Other,0,57000,0,2,2022
Data Scientist,1,144200,0,1,2022
Data Scientist,1,115360,0,1,2022
Data Architect,2,180000,0,1,2022
Data Architect,2,160000,0,1,2022
Data Scientist,1,108000,0,2,2022
Other,2,200000,0,1,2022
Other,2,150000,0,1,2022
Data Engineer,2,188700,0,1,2022
Data Engineer,2,160395,0,1,2022
Applied Scientist,2,191475,0,1,2022
Applied Scientist,2,141525,0,1,2022
Other,2,156868,0,2,2022
Analytics Engineer,1,108000,0,1,2022
Analytics Engineer,1,85000,0,1,2022
Data Engineer,2,165000,0,1,2022
Data Engineer,2,132000,0,1,2022
Analytics Engineer,2,130000,0,1,2022
Other,1,135000,0,2,2022
Data Engineer,2,178800,0,2,2022
Data Engineer,2,132100,0,2,2022
Data Analyst,0,20000,1,1,2022
Data Engineer,2,85000,0,1,2022
Other,2,250000,0,1,2022
Other,2,63000,0,1,2022
Data Engineer,3,187200,0,1,2022
Data Engineer,3,116100,0,1,2022
Data Engineer,2,229998,0,2,2022
Data Engineer,2,154545,0,2,2022
Data Scientist,2,215000,0,2,2022
Data Scientist,2,159000,0,2,2022
Other,0,50000,0,1,2022
Other,2,183000,0,2,2022
Data Analyst,2,99750,0,1,2022
Data Analyst,2,68400,0,1,2022
Data Scientist,2,236900,0,2,2022
Data Scientist,2,159200,0,2,2022
Data Science Manager,2,243225,0,1,2022
Data Science Manager,2,179775,0,1,2022
Data Scientist,2,191475,0,1,2022
Data Scientist,2,141525,0,1,2022
Data Scientist,2,218000,0,1,2022
Data Scientist,2,145300,0,1,2022
ML Engineer,2,195400,0,2,2022
ML Engineer,2,131300,0,2,2022
Other,0,105000,1,2,2022
Data Scientist,2,207000,0,1,2022
Data Scientist,2,153000,0,1,2022
Data Analyst,2,99000,0,1,2022
Data Engineer,2,195700,0,1,2022
Data Engineer,2,130500,0,1,2022
ML Engineer,2,130000,0,1,2022
ML Engineer,2,84000,0,1,2022
Other,1,100000,0,1,2022
Other,1,60000,0,1,2022
Data Engineer,2,141300,0,1,2022
Data Engineer,2,102100,0,1,2022
Other,1,150000,0,2,2022
Data Analyst,2,144000,0,1,2022
Data Analyst,2,113000,0,1,2022
Data Architect,2,195400,0,2,2022
Data Architect,2,131300,0,2,2022
Machine Learning Engineer,2,195400,0,2,2022
Machine Learning Engineer,2,131300,0,2,2022
Data Engineer,2,80000,0,1,2022
Analytics Engineer,2,190000,0,1,2022
Analytics Engineer,2,140000,0,1,2022
Data Scientist,2,180000,0,2,2022
Data Scientist,2,165000,0,2,2022
Other,2,108000,0,2,2022
Data Scientist,2,179400,0,1,2022
Data Scientist,2,154000,0,1,2022
Machine Learning Scientist,2,193900,0,1,2022
Machine Learning Scientist,2,129300,0,1,2022
Data Science Manager,3,222640,0,1,2022
Data Science Manager,3,182160,0,1,2022
Data Engineer,1,100000,0,1,2022
Analytics Engineer,2,122500,0,1,2022
Analytics Engineer,2,100000,0,1,2022
Data Engineer,3,297500,0,1,2022
Data Engineer,3,260000,0,1,2022
Data Engineer,2,193000,1,1,2022
Data Scientist,0,93000,0,1,2022
Data Scientist,0,73000,0,1,2022
Data Scientist,2,136994,0,1,2022
Data Scientist,2,101570,0,1,2022
Data Analyst,1,136000,0,1,2022
Data Analyst,1,112000,0,1,2022
Data Scientist,2,172000,0,1,2022
Data Engineer,2,164000,0,1,2022
Data Analyst,1,97500,0,2,2022
Applied Scientist,2,212800,0,1,2022
Applied Scientist,2,142800,0,1,2022
Data Scientist,2,151800,0,1,2022
Data Scientist,2,130240,0,1,2022
Analytics Engineer,2,165000,0,1,2022
Analytics Engineer,2,140250,0,1,2022
Other,1,75000,0,1,2022
Data Analyst,2,115000,0,2,2022
Other,2,81000,0,1,2022
Other,2,66000,0,1,2022
Data Analyst,0,46000,0,2,2022
Data Engineer,0,80000,0,2,2022
Machine Learning Scientist,3,200000,0,0,2022
Machine Learning Scientist,3,180000,0,0,2022
Other,3,200000,0,0,2022
Data Scientist,2,204100,0,1,2022
Data Scientist,2,136100,0,1,2022
Analytics Engineer,2,250000,0,1,2022
Analytics Engineer,2,63000,0,1,2022
Other,2,95000,0,1,2022
Other,1,75000,1,1,2022
Data Analyst,1,113000,0,2,2022
Data Scientist,2,170000,0,1,2022
Other,1,113000,0,2,2022
Other,1,140000,0,1,2022
Data Scientist,2,160000,0,2,2022
Data Scientist,2,119300,0,2,2022
Research Scientist,1,145000,0,2,2022
Other,2,146200,0,1,2022
Other,2,124270,0,1,2022
Data Scientist,1,225000,0,1,2022
Data Scientist,1,160000,0,1,2022
Analytics Engineer,2,245000,0,1,2022
Analytics Engineer,2,180000,0,1,2022
Analytics Engineer,2,203500,0,1,2022
Analytics Engineer,2,152000,0,1,2022
Other,2,186000,0,1,2022
Other,2,148800,0,1,2022
Data Scientist,0,82000,0,2,2022
Other,1,173000,0,1,2022
Machine Learning Engineer,2,186000,0,1,2022
Machine Learning Engineer,2,148800,0,1,2022
Data Science Manager,1,158000,0,1,2022
Data Science Manager,1,134000,0,1,2022
Analytics Engineer,3,200000,0,1,2022
Analytics Engineer,3,150000,0,1,2022
Data Analyst,2,216200,0,1,2022
Data Analyst,2,144100,0,1,2022
Machine Learning Engineer,2,85000,0,1,2022
Data Science Manager,2,206000,0,1,2022
Data Science Manager,2,175100,0,1,2022
Machine Learning Engineer,2,189650,0,1,2022
Machine Learning Engineer,2,164996,0,1,2022
Data Engineer,2,154000,0,1,2022
Data Engineer,2,126000,0,1,2022
Machine Learning Engineer,2,200000,0,2,2022
Machine Learning Engineer,2,150000,0,2,2022
Data Analyst,2,117000,0,1,2022
Data Analyst,2,99450,0,1,2022
Machine Learning Engineer,2,193900,0,1,2022
Machine Learning Engineer,2,129300,0,1,2022
Data Analyst,2,175000,0,1,2022
Data Engineer,2,188100,0,1,2022
Data Engineer,2,139860,0,1,2022
Machine Learning Engineer,2,248700,0,1,2022
Machine Learning Engineer,2,167100,0,1,2022
Data Architect,2,141300,0,1,2022
Data Architect,2,102100,0,1,2022
Data Architect,2,250000,0,1,2022
Data Architect,2,63000,0,1,2022
Data Science Manager,2,189500,0,2,2022
Data Science Manager,2,140100,0,2,2022
Data Engineer,2,177600,0,2,2022
Data Engineer,2,131300,0,2,2022
Data Engineer,1,24000,0,1,2022
Machine Learning Engineer,2,202900,0,2,2022
Machine Learning Engineer,0,115000,0,2,2022
Machine Learning Engineer,1,193900,0,1,2022
Machine Learning Engineer,1,129300,0,1,2022
Data Scientist,2,140000,0,2,2022
Data Analyst,1,216200,0,1,2022
Data Analyst,1,144100,0,1,2022
Machine Learning Scientist,2,216000,0,1,2022
Machine Learning Scientist,2,144000,0,1,2022
Data Analyst,0,150000,0,2,2022
Other,2,250000,0,2,2021
Analytics Engineer,2,48000,1,0,2022
Data Science Manager,3,260500,0,1,2022
Data Science Manager,3,175100,0,1,2022
Data Analyst,0,55000,0,0,2022
Data Analyst,1,130000,0,1,2022
Data Engineer,2,206699,0,1,2022
Data Engineer,2,99100,0,1,2022
Analytics Engineer,1,200000,0,1,2022
Analytics Engineer,1,54000,0,1,2022
Analytics Engineer,0,130000,0,2,2022
Data Engineer,2,100000,0,2,2022
Data Engineer,2,80000,0,2,2022
Data Scientist,2,100000,0,2,2022
Other,2,221300,0,2,2022
Other,2,148700,0,2,2022
Data Science Manager,2,249260,0,1,2022
Data Science Manager,2,185400,0,1,2022
Data Analyst,2,128875,0,1,2022
Data Analyst,2,93700,0,1,2022
Machine Learning Engineer,2,100000,0,1,2022
Data Analyst,2,136260,0,1,2022
Data Analyst,2,109280,0,1,2022
Data Scientist,2,92000,0,2,2022
Data Engineer,0,129000,0,2,2022
Data Engineer,0,86000,0,2,2022
Other,2,100000,0,2,2022
Other,1,200000,0,1,2022
Other,0,180000,0,2,2022
Data Scientist,1,153000,0,2,2022
Data Analyst,2,150075,0,1,2022
Data Analyst,2,110925,0,1,2022
Machine Learning Engineer,0,83000,0,2,2022
Data Scientist,2,186000,0,1,2022
Data Scientist,2,148800,0,1,2022
Data Analyst,2,112900,0,1,2022
Data Analyst,2,90320,0,1,2022
ML Engineer,2,240000,0,1,2022
ML Engineer,2,160000,0,1,2022
Data Science Manager,2,300000,0,1,2022
Data Science Manager,2,200000,0,1,2022
Other,1,200000,1,2,2022
Other,1,120000,0,1,2022
Other,2,145000,0,1,2022
Other,2,105400,0,1,2022
Data Scientist,2,215300,0,2,2022
Data Scientist,2,158200,0,2,2022
Data Engineer,2,209100,0,2,2022
Data Analyst,2,164000,0,1,2022
Data Analyst,2,132000,0,1,2022
Data Scientist,2,123000,0,1,2022
Data Engineer,2,165400,0,1,2022
Data Engineer,2,132320,0,1,2022
Data Architect,2,208775,0,1,2022
Data Architect,2,147800,0,1,2022
Data Engineer,2,136994,0,1,2022
Data Engineer,2,101570,0,1,2022
Data Engineer,2,183600,0,2,2022
Data Engineer,2,100800,0,2,2022
Data Scientist,2,140400,0,2,2022
Data Scientist,2,260000,0,1,2022
Data Engineer,1,82900,0,1,2022
Data Engineer,1,63900,0,1,2022
Machine Learning Scientist,1,160000,0,2,2022
Machine Learning Scientist,1,112300,0,2,2022
Data Science Manager,1,241000,0,1,2022
Data Science Manager,1,159000,0,1,2022
Data Scientist,2,80000,0,1,2022
Data Analyst,1,58000,0,0,2022
Data Engineer,2,136000,0,1,2022
Data Engineer,2,108800,0,1,2022
Data Engineer,3,242000,0,1,2022
Data Scientist,2,165220,0,1,2022
Data Scientist,2,120160,0,1,2022
Data Analyst,2,124190,0,1,2022
Data Engineer,2,181940,0,1,2022
Data Engineer,2,220110,0,1,2022
Data Engineer,2,160080,0,1,2022
Data Scientist,2,120000,0,2,2022
Data Analyst,1,126500,0,1,2022
Data Analyst,1,106260,0,1,2022
Data Analyst,2,155000,0,1,2022
Data Analyst,2,120600,0,1,2022
Data Analyst,2,102100,0,1,2022
Data Analyst,2,84900,0,1,2022
Data Scientist,2,136620,0,1,2022
Data Scientist,2,99360,0,1,2022
Data Analyst,3,130000,0,1,2022
Data Analyst,3,110000,0,1,2022
Data Analyst,2,170000,0,1,2022
Data Science Manager,2,161342,0,1,2022
Data Science Manager,2,137141,0,1,2022
Data Scientist,2,167000,0,1,2022
Data Scientist,2,211500,0,1,2022
Data Scientist,2,138600,0,1,2022
Data Engineer,2,160000,0,2,2022
Data Engineer,2,113000,0,2,2022
Data Scientist,2,95550,0,1,2022
Data Analyst,1,167000,0,1,2022
Data Analyst,1,115500,0,1,2022
Data Engineer,2,243900,0,1,2022
Data Engineer,2,156600,0,1,2022
Data Analyst,2,136600,0,1,2022
Data Engineer,2,128875,0,1,2022
Data Engineer,2,93700,0,1,2022
Other,3,224000,0,1,2022
Other,3,167875,0,1,2022
Analytics Engineer,3,175000,0,1,2022
Analytics Engineer,3,135000,0,1,2022
Data Scientist,2,205300,0,2,2022
Data Scientist,2,176000,0,1,2022
Data Engineer,2,200100,0,1,2022
Data Engineer,2,70500,0,1,2022
Data Engineer,2,54000,0,1,2022
Data Scientist,2,205300,0,1,2022
Data Scientist,2,140400,0,1,2022
Analytics Engineer,2,205300,0,1,2022
Analytics Engineer,2,184700,0,1,2022
Data Engineer,2,175100,0,1,2022
Data Engineer,2,140250,0,1,2022
Data Analyst,2,116150,0,1,2022
Data Analyst,2,99050,0,1,2022
Machine Learning Engineer,2,214000,0,1,2022
Machine Learning Engineer,2,192600,0,1,2022
Data Architect,2,266400,0,1,2022
Data Architect,2,213120,0,1,2022
Data Scientist,1,141300,0,1,2022
Data Scientist,1,102100,0,1,2022
Data Engineer,1,206699,0,1,2022
Data Engineer,1,99100,0,1,2022
Data Engineer,2,110500,0,1,2022
Data Analyst,2,60000,0,1,2022
Data Scientist,2,230000,0,1,2022
Other,2,150260,0,1,2022
Other,2,109280,0,1,2022
Data Analyst,2,129000,0,1,2022
Data Analyst,2,69000,0,1,2022
Data Engineer,2,25000,0,1,2022
Data Analyst,2,126500,0,1,2022
Data Analyst,2,106260,0,1,2022
Data Analyst,1,135000,0,1,2022
Data Analyst,1,50000,0,1,2022
Machine Learning Engineer,2,220000,0,1,2022
Data Scientist,1,200000,0,1,2022
Data Engineer,3,324000,0,1,2022
Data Engineer,3,216000,0,1,2022
Data Scientist,2,185100,0,1,2022
Data Scientist,2,104890,0,1,2022
Machine Learning Engineer,1,120000,0,0,2022
Other,1,75000,1,2,2022
Other,1,157000,0,2,2022
Data Engineer,0,65000,0,0,2022
Data Scientist,1,109000,0,2,2021
Other,2,200000,1,1,2022
Machine Learning Scientist,1,153000,0,1,2022
Data Scientist,2,100000,1,1,2022
Data Science Manager,2,152500,0,1,2022
Research Scientist,0,120000,0,2,2022
Data Scientist,1,135000,0,2,2022
Other,2,405000,0,2,2022
Data Engineer,2,150000,0,2,2021
Data Science Manager,2,240000,0,2,2021
Data Analyst,1,135000,0,2,2021
Data Scientist,0,80000,0,1,2021
Other,2,380000,0,2,2022
Other,2,177000,0,2,2022
Data Scientist,1,48000,1,0,2022
Other,2,220000,0,2,2021
Data Analyst,1,90000,0,1,2021
Data Scientist,0,100000,0,0,2021
Research Scientist,2,144000,0,2,2022
Other,1,38400,1,1,2021
Other,0,100000,0,2,2022
Data Scientist,1,82500,0,0,2021
Data Engineer,0,120000,0,1,2022
Other,0,125000,0,1,2022
Machine Learning Scientist,2,120000,0,0,2021
Data Analyst,0,50000,0,1,2021
Other,2,200000,0,1,2021
Data Engineer,1,200000,0,2,2021
Data Engineer,1,100000,0,2,2021
Data Architect,1,170000,0,2,2021
Data Architect,1,150000,0,2,2021
Other,0,55000,0,0,2021
Other,3,250000,0,2,2021
Data Engineer,0,80000,0,2,2021
Other,0,70000,0,2,2020
Data Scientist,2,60000,1,2,2020
Machine Learning Engineer,0,125000,0,0,2021
Other,2,120000,0,1,2021
Research Scientist,1,450000,0,1,2020
Data Science Manager,2,144000,0,2,2021
Data Scientist,1,150000,0,1,2021
Other,1,103000,0,2,2020
Data Engineer,2,153000,0,2,2021
Data Engineer,1,90000,0,2,2021
Data Analyst,0,90000,0,0,2021
Data Analyst,0,60000,0,0,2021
Other,1,110000,0,2,2021
Machine Learning Engineer,0,250000,0,2,2020
Data Analyst,2,80000,1,0,2021
Machine Learning Engineer,0,138000,0,0,2020
Data Engineer,1,140000,0,2,2021
Other,2,170000,0,2,2021
Data Analyst,0,80000,0,1,2021
Data Scientist,1,45760,1,0,2020
Other,1,100000,0,1,2021
Other,3,235000,0,2,2021
Other,3,150000,1,2,2021
Machine Learning Scientist,0,225000,0,2,2021
Data Engineer,2,150000,0,1,2021
Data Engineer,2,115000,0,0,2021
Data Engineer,1,106000,0,2,2020
Other,1,11000000,1,2,2021
Other,1,81000,1,0,2021
Other,0,70000,0,1,2021
Other,2,276000,0,2,2021
Data Engineer,2,188000,0,2,2020
Other,2,160000,1,0,2021
Data Scientist,1,105000,0,2,2020
Data Engineer,2,174000,0,2,2021
Data Analyst,1,93000,0,2,2021
Data Scientist,0,90000,0,0,2021
Other,2,170000,0,1,2021
Data Analyst,0,91000,0,2,2020
Data Scientist,2,165000,0,2,2021
Data Analyst,1,80000,0,2,2021
Other,1,110000,0,0,2021
Data Architect,1,180000,0,2,2021
Data Analyst,2,200000,0,2,2021
Data Engineer,2,200000,0,2,2021
ML Engineer,2,256000,0,0,2021
Data Engineer,1,110000,0,2,2021
Data Engineer,0,72500,0,2,2021
Machine Learning Engineer,2,185000,0,2,2021
Data Engineer,1,112000,0,2,2021
Machine Learning Engineer,2,150000,0,2,2020
Data Scientist,0,58000,0,2,2021
Data Scientist,0,100000,0,1,2021
Data Analyst,0,72000,0,2,2020
Data Engineer,1,111775,0,1,2021
Data Engineer,1,93150,0,1,2021
Other,2,160000,1,0,2021
Other,2,190000,0,0,2020
Data Scientist,2,135000,0,2,2021
Data Science Manager,2,4000000,1,2,2021
Data Scientist,1,147000,0,2,2021
Data Science Manager,2,174000,0,2,2021
Other,1,135000,0,2,2020
Other,1,87000,0,2,2020
Data Engineer,1,22000,1,2,2021
Machine Learning Engineer,0,81000,0,0,2021
Other,0,90000,0,0,2021
Other,2,195000,0,1,2021
Data Analyst,1,85000,0,2,2020
Other,1,56000,1,1,2020
Other,1,98000,0,1,2020
Other,2,120000,0,2,2021
Other,3,325000,0,2,2020
Machine Learning Engineer,2,200000,0,2,2021
Data Scientist,1,160000,0,2,2021
Research Scientist,2,50000,1,0,2021
Data Engineer,2,165000,0,1,2021
Other,2,185000,0,2,2021
Data Engineer,1,110000,0,2,2020
Other,2,140000,0,2,2021
Data Scientist,2,120000,0,2,2020
Data Scientist,1,130000,0,2,2021
Data Scientist,1,115000,0,2,2021
Other,2,235000,0,2,2021
Data Analyst,1,75000,0,2,2021
Data Analyst,1,62000,0,2,2021
Data Scientist,1,73000,0,2,2021
Data Science Manager,2,190200,0,1,2020
Data Scientist,1,118000,0,1,2020
Data Scientist,1,138350,0,1,2020
Data Engineer,1,130800,1,1,2020
Other,1,423000,0,2,2021
Other,2,165000,0,2,2021
Data Scientist,2,412000,0,2,2020
Other,1,151000,0,2,2021
Data Scientist,0,105000,0,0,2020
